System Name,Company,Release,GEN
,,,
APF-MP1000,APF,"January 1, 1978",2
APF Imagination Machine,,1979,2
Game Brain,Atari Inc.,Cancelled (1972),2
Atari 2000,,Cancelled,2
Atari 2500,,Cancelled,2
Atari 2600,,"September 11, 1977",2
Atari 2600 Jr.,,1986,2
Atari 2700,,Cancelled (1981),2
Atari 5200,,November 1982,2
Atari Cosmos,,Cancelled (1978-1981),2
Bandai Super Vision 8000,Bandai,1979,2
Digi Casse,,1984,2
ColecoVision,Coleco,August 1982,2
Columbia Home Arcade,Columbia,1980,2
Arcadia 2001/Leisure Vision,Emerson Radio,1982,2
Select-A-Game,Entex Industries,1981,2
Adventure Vision,,1982,2
Epoch Cassette Vision,Epoch,"July 30, 1981",2
Cassette Vision Jr.,,1983,2
Game Pocket Computer,,1984,2
Fairchild Channel F,Fairchild,November 1976,2
Compact Vision TV Boy,Gakken,October 1983,2
Vectrex,GCE/Milton Bradley Company,November 1982,2
Interton VC 4000,Interton,1978,2
Magnavox Odyssey²,Magnavox/Philips,December 1978,2
Intellivision,Mattel,1980,2
Children's Discovery System,,1981,2
Intellivision II,,1983,2
Bally Astrocade,Midway,1977,2
Microvision,Milton Bradley,"November, 1979",2
"Portable Videogame System/
Super Micro",Palmtex,1984,2
RCA Studio II,RCA,January 1977,2
Colorvision,Romtec,1984,2
Video Arcade System,Ultravision,Cancelled (supposed to be released in 1983),2
Champion 2711,Unisonic,1978,2
Database,Voltmace,1978,2
VTech CreatiVision,VTech,1981,2
3D Gamate,,1983,2
Variety,,1983,2
ProScreen,,1984,2
Amstrad GX4000,Amstrad,September 1990,3
Atari 7800,Atari Corporation,May 1986,3
Atari XEGS,,1987,3
Terebikko,Bandai,1988,3
Bridge Companion,BBC/Heber,1985,3
PV-1000,Casio,October 1983,3
Commodore 64 Games System,Commodore,December 1990,3
Videosmarts,"Connor Electronics  (1986–1988), VTech  (1989–1990)",1986,3
Zemmix,Daewoo Electronics,1985,3
Control-Vision,Digital Pictures & Hasbro,Cancelled (supposed to be released in 1989),3
Epoch Super Cassette Vision,Epoch,"July 17, 1984",3
Projector Mega Video Game,Fantastiko,1988,3
Savie Projection System,Funsation,1989,3
Video Art,LJN,1985,3
My Vision,Nichibutsu,1983,3
Family Computer (Famicom),Nintendo,"July 15, 1983",3
NES,,"October 18, 1985",3
Family Computer Disk System,,"February 21, 1986",3
"NES-101 ""Top Loader""",,"October 15, 1993",3
AV Famicom,,"December 1, 1993",3
M82,,1985,3
Twin Famicom AN-500,Nintendo/Sharp,"July 1, 1986",3
Twin Famicom AN-505,,1987,3
My Computer TV C1,,1983,3
Videopac+ G7400,Philips,1983,3
RDI Halcyon,RDI Video Systems,Cancelled (supposed to be released in January 1985),3
Sega SG-1000,Sega,"July 15, 1983",3
Sega SG-1000 II,,"July 31, 1984",3
Video Driver,,October 1988,3
Sega Mark III/Sega Master System,"Sega , Tec Toy","October 20, 1985",3
Sega Master System II,,199x,3
Кроха,SKB Kontur (СКБ Контур),Cancelled (supposed to be released in 1990),3
Dendy/Micro Genius,Steepler,1992,3
Dendy Jr.,,1992,3
Master System Super Compact,Tec Toy,1994,3
BattleVision,Tiger Electronics,1994,3
Pyuuta Jr.,Tomy,April 1983,3
Video Challenger,Tomy/Bandai,1987,3
View-Master Interactive Vision,"View-Master Ideal Group, Inc.",1988,3
VTech Socrates,VTech,1988,3
Action Max,Worlds of Wonder,1987,3
CSD-GM1,Aiwa,1994,4
Lynx,Atari,NA: October 1989,4
Lynx II,,,4
Atari Panther,,Cancelled (supposed to be released in 1991),4
Genesis Firecore,AtGames,2009,4
Gamate,Bit Corporation,1990,4
Series A,Commodoor,199x,4
Commodore CDTV,Commodore,March 1991,4
IM-26,Electronika,1988,4
Super A'Can,Funtech,"October 25, 1995",4
Light Games,Grandstand,1988,4
Game Master,Hartung,1990,4
X'Eye,JVC/Sega,April 1994,4
Picno,Konami,1993,4
Konix Multisystem,Konix,Cancelled (supposed to be released in August 1989),4
Memorex VIS,Memorex/Tandy Corp,June 1992,4
PC Engine,NEC,"October 30, 1987",4
TurboGrafx-16,,"August 29, 1989",4
CD-ROM²,,"December 4, 1988",4
TurboGrafx-CD,,"Nov , 1989",4
PC Engine2/SuperGrafx,,"December 8, 1989",4
TurboExpress,,"JP: November 16, 1990 NA: 1991",4
PC Engine Duo,,"September 21, 1991",4
PC Engine CoreGrafx,,"December 8, 1989",4
PC Engine LT,,"December 13, 1991",4
PC Engine Shuttle,,"November 22, 1989",4
PC-KD863G,,"September 27, 1988",4
PCE-LD1,,1995,4
X1-Twin,NEC/Sharp,April 1989,4
Super Famicom,Nintendo,"November 21, 1990",4
Super NES,,"August 23, 1991",4
Satellaview,,"April 23, 1995",4
SNES-CD,,Cancelled (development stopped in 1993),4
Game Boy,,"JP: April 21, 1989 NA: July 31, 1989 EU:September 28, 1990",4
Game Boy Pocket,,"July 21, 1996",4
Game Boy Light,,"April 14, 1998",4
Game Boy Color,,"October 21, 1998",4
New-Style Super NES,,"October 20, 1997",4
Super Famicom Jr.,,"March 27, 1998",4
Super Famicom Box,,199x,4
Bandai HET,Nintendo/Bandai,Cancelled (1993),4
Super Famicom Naizou TV SF1,Nintendo/Sharp,1990,4
Etch A Sketch Animator 2000,Ohio Art Company,1988,4
CD-i 910/205,Philips,"December 3, 1991",4
CD-i 450,,199x,4
CD-i 220,,199x,4
CD-i 210,,199x,4
CD-i 470/490,,199x,4
CD-i 740,,199x,4
FW380i,,199x,4
21TCDi30,,199x,4
CD-i 180/181/182,,199x,4
CD-i 601/602/603/604/605,,199x,4
CD-i 615,,199x,4
CD-i 660/670,,199x,4
CD-i 310,,199x,4
CD-i 350/360,,199x,4
CD-i 370,,199x,4
GDI 700,Philips/GoldStar,199x,4
GDI 750/1000,,199x,4
GPI 1100,,199x,4
GPI 1200,,199x,4
Intelligent Discman,Philips/Sony,199x,4
Video Engine 200,Philips/DVS,199x,4
BeoCenter with CD-i player,Philips/Bang & Olufsen,199x,4
Kyocera Pro 1000s,Philips/Kyocera,199x,4
Lookman ID,Philips/NBS,199x,4
Pioneer LaserActive,Pioneer Corporation,"August 20, 1993",4
Sega Genesis/Mega Drive,Sega,"October 29, 1988",4
Sega CD/Mega CD,,"December 12, 1991",4
Sega 32X,,"November 21, 1994",4
Game Gear,,"JP: October 6, 1990 NA: April 26, 1991 EU: April 26, 1991",4
Genesis Model 2,,1993,4
Genesis CDX,,April 1994,4
Mega Jet,,"March 10, 1994",4
Sega CD 2,,"April 23, 1993",4
Genesis 3,Sega/Majesco Entertainment,1998,4
Sega Pico,,"June 26, 1993",4
Neo-Geo AES,SNK,"April 26, 1990",4
Neo-Geo CD (Front Loading),,"September 9, 1994",4
Neo-Geo CD (Top Loading),,January 1996,4
Neo-Geo CDZ,,"December 29, 1995",4
WOWOW,Taito,Cancelled (supposed to be released in 1992),4
Wondermega,Victor/Sega,"April 1, 1992",4
Wondermega 2,,"July 2, 1993",4
The Vistar 16,Vistar,,4
PreComputer 1000,VTech,1988,4
Supervision (Game Boy Esque),Watara,1992,4
Supervision (Tilting Screen),,1992,4
Supervision Magnum,,,4
Mega Duck/Cougar Boy,Welback Holdings,1993,4
Mega Duck Super Junior Computer,,,4
Atari Jaguar,Atari Corporation,"November 23, 1993",5
Atari Jaguar CD,,"September 21, 1995",5
Atari Jaguar Duo,,Cancelled,5
Playdia,Bandai,"September 23, 1994",5
Design Master Senshi,,1995,5
Apple Bandai Pippin,Bandai /Apple Inc.,"March 28, 1995",5
CPS Changer,Capcom,1994,5
Casio Loopy,Casio,"October 19, 1995",5
Amiga CD32,Commodore,"September 17, 1993",5
FM Towns Marty,Fujitsu,"February 20, 1993",5
FM Towns Marty 2,,1994,5
FM Towns Car Marty,,April 1994,5
Video Buddy,Interactive Learning Group,1999,5
PasoGo,Koei,1996,5
Game Wizard,MGA Entertainment,1994,5
PC-FX,NEC,"December 23, 1994",5
Nintendo 64,Nintendo,"June 23, 1996",5
Nintendo 64DD,,"December 1, 1999",5
Virtual Boy,,"JP: July 21, 1995 NA: August 14, 1995",5
Envision,Olivetti,1995,5
FZ-1 R•E•A•L 3DO Interactive Multiplayer,Panasonic,"October 4, 1993",5
FZ-10 R•E•A•L 3DO Interactive Multiplayer,,"November 11, 1994",5
"N-1005 3DO CD Changer ""ROBO""",,,5
IMP-21J TRY 3DO Interactive Multiplayer,Sanyo,"March , 1995",5
GDO-101 3DO Interactive Multiplayer,GoldStar,1994,5
GDO-203P 3DO Alive II,,,5
Sega Saturn,Sega,"November 22, 1994",5
Nomad,,JP: October 1995 NA: October 1995,5
Neo Geo Pocket,SNK,"JP: October 28, 1998",5
Neo Geo Pocket Color,,"NA: June 1, 1999  PAL: October 1, 1999",5
PlayStation,Sony,"December 3, 1994",5
PSOne,,"July 7, 2000",5
Net Yaroze,,June 1996,5
R-Zone,Tiger Electronics,1995,5
R-Zone Super Screen,,1996,5
"R-Zone X.P.G. ""Xtreme Pocket Game""",,1997,5
R-Zone DataZone,,1996,5
Game.com,,NA:September 1997,5
Game.com Pocket Pro,,"June, 1999",5
Kiss-Site,Tomy,1997,5
Game BQA,?,200x,6
Treamcast,?,200x,6
ApeXtreme,APEX/DISCover,Cancelled (2004),6
Romulator CD System,Avon,2001,6
WonderSwan,Bandai,"JP: March 4, 1999",6
WonderSwan Color,,"December 9, 2000",6
SwanCrystal,,"July 12, 2002",6
J-401-1,Caltime,200x,6
Cybiko,Cybiko,USA: April 2000 UK: 2001,6
Cybiko Xtreme,,,6
Kasey the Kinderbot,Fisher Price,2002,6
SET,Franklin/NYT,,6
GP32,Game Park,"KOR: November 23, 2001 PAL: June 15, 2004",6
Ribbit TV,Haier,2002,6
L600,Indrema,Cancelled (development stopped in April 2001),6
Turbo Twist,LeapFrog Enterprises,2000,6
iQuest,,2001,6
Leapster,,October 2003,6
Leapster L-MAX,,2004,6
Leapster TV,,2005,6
Pixter,Mattel / Fisher-Price,2002,6
Pixter Plus,,2002,6
Pixter 2.0,,2003,6
Pixter Color,,2003,6
Pixter Multi-media System,,2005,6
Xbox,Microsoft,"November 15, 2001",6
Nintendo GameCube,Nintendo,"November 14, 2001",6
iQue Player,,"November 17, 2003",6
Game Boy Advance,,"JP: March 21, 2001 NA: June 11, 2001 PAL: June 22, 2001",6
Game Boy Advance SP,,2003,6
Game Boy Advance SP+,,2005,6
Game Boy Micro,,2005,6
Pokémon Mini,,"JP: December 14, 2001 NA: November 16, 2001 PAL: March 15, 2002",6
N-Gage,Nokia,"October 7, 2003",6
N-Gage QD,,2004,6
Freeon,Nsig,Cancelled (2003),6
Panasonic M2,Panasonic,Cancelled (supposed to be released in 1997),6
Panasonic Q,Panasonic/Nintendo,"December 13, 2001",6
Dreamcast,Sega,"November 27, 1998",6
Advanced Pico Beena,,2005,6
PlayStation 2,Sony,"March 4, 2000",6
PlayStation 2 Slimline,,October 2004,6
PlayStation 2 SCPH-90000 Series,,July 2007,6
Bravia KDL-22PX300,,2010,6
PSX,,"December 13, 2003",6
Xavix PORT,SSD COMPANY LIMITED,2004,6
Zodiac,Tapwave,October 2003,6
GameKing I,TimeTop,HKG: 2003,6
GameKing II,,,6
GameKing III,,HKG: 2005,6
Go Go TV Game System,Toy Quest/Manely,2005,6
B'ngo,TTPCom,2003,6
Dockable Entertainment Featuring Game Boy Advance,Visteon,2006,6
"Streammaster 5000 ""Digital DNA""",VM Labs/Motorola,2000,6
Nuon DRC300N,VM Labs/RCA,2000,6
Nuon DCR480N,,2000,6
Nuon DVD-N501,VM Labs/Samsung,2000,6
Nuon DVD-N2000,,2000,6
Nuon DVD-N504,,2000,6
Nuon DVD-N505,,2000,6
Nuon DVD-N591,,2000,6
Nuon SD-2300 DVD Player,VM Labs/Toshiba,2000,6
V.Smile Model 6122,VTech,"August 4, 2004",6
V.Smile Model 752,,2007,6
V.Smile Model 1086,,200x,6
V.Smile Baby Infant Development System,,2006,6
PC Pal,,200x,6
Dingoo A320,Dingoo Digital Technology Company,CHN:February 2009 NA: February 2009,7
Intect Interact,Intec,2012,7
GP2X,GamePark Holdings,"KOR:November 10, 2005",7
GP2X Wiz,,"May 12, 2009",7
CAANOO,,"August 16, 2010",7
My Life,Giochi Preziosi,2007,7
Sports Vii,JungleTac,2007,7
Zone Wireless Gaming,,2009,7
Zone 40 Wireless Gaming,,2010,7
Zone 60 Wireless Gaming,,2010,7
Wireless Hunting Video Game System,,2011,7
Wireless Air 60,,2011,7
Didj,LeapFrog Enterprises,"August 22, 2008",7
Leapster 2,,2008,7
Leapster Explorer,,"July 15, 2010",7
Leapster GS,,2012,7
Zeus,Lexibook,,7
HyperScan,Mattel,"October 23, 2006",7
iXL,Mattel / Fisher Price,2010,7
Xbox 360,Microsoft,"November 22, 2005",7
Xbox 360 S,,"June 18, 2010",7
Xbox 360 E,,"June 10, 2013",7
digiBlast,Nikko,2005,7
Wii,Nintendo,"November 19, 2006",7
Wii Family Edition,,"October 23, 2011",7
Wii Mini,,"December 7, 2012",7
Nintendo DS,,"JP: December 2, 2004 NA:November 21, 2004 PAL: February 24, 2005",7
Nintendo DS Lite,,"March 2, 2006",7
Nintendo DSi,,"November 1, 2008",7
Nintendo DSi XL,,"November 21, 2009",7
Pandora,OpenPandora,"May 21, 2010",7
Phantom,Phantom,Cancelled (supposed to be released in September 2005),7
EZ Mini,Shanda,Cancelled (Production Samples Produced 2006),7
PlayStation 3,Sony,"November 11, 2006",7
PlayStation 3 Slim,,"September 1, 2009",7
PlayStation 3 Super Slim,,September 2012,7
PlayStation Portable 1000,,"JP: December 12, 2004 NA: March 24, 2005 PAL:September 1, 2005",7
PlayStation Portable 2000,,September 2007,7
PlayStation Portable 3000,,October 2008,7
PSP Go,,October 2009,7
PlayStation Portable Street,,October 2011,7
VideoNow XP,Tiger Electronics,2005,7
Gizmondo,Tiger Telematics,"NA: October 22, 2005 EU: March 19, 2005",7
V.Flash,VTech,September 2006,7
V.Smile Pocket,,2005,7
V.Smile Pocket Cyber,,2008,7
V-Motion Active Learning System,,2008,7
MobiGo,,"June 7, 2010",7
MobiGo 2,,"July 23, 2013",7
InnoTab,,"September, 2011",7
InnoTab 2,,,7
InnoTab 3,,,7
InnoTab 3S,,,7
InnoTab MAX,,,7
Game Wave Family Entertainment System,ZAPiT,October 2005,7
Zeebo,Zeebo Inc.,"May 25, 2009",7
GCW Zero,Game Consoles Worldwide,"NA: January 17, 2013",8
K-Magic,K's Kids,September 2011,8
Arduboy,Kevin Bates,"WW: August 8, 2016",8
Kids Pad,LG Corporation,"KOR:November 21, 2012",8
Monon Color,M&D,"CHN: October, 2014",8
Xbox One,Microsoft,"November 22, 2013",8
Xbox One S,,"August 2, 2016",8
Xbox One X,,"November 7, 2017",8
Xbox One S All Digital Edition,,"May 7, 2019",8
Wii U,Nintendo,"November 18, 2012",8
Nintendo Switch,,"March 3, 2017",8
Nintendo Switch Lite,,"September 20, 2019",8
Nintendo 3DS,,"JP: February 26, 2011 NA: March 27, 2011 PAL: March 25, 2011",8
Nintendo 3DS XL,,"July 28, 2012",8
Nintendo 2DS,,"October 12, 2013",8
New Nintendo 3DS,,"October 25, 2014",8
New Nintendo 3DS XL,,"October 11, 2014",8
New Nintendo 2DS XL,,"June 15, 2017",8
Shield Portable,Nvidia,"NA: July 31, 2013",8
PlayStation 4,Sony,"November 15, 2013",8
PlayStation 4 Slim,,"September 16, 2016",8
PlayStation 4 Pro,,"November 10, 2016",8
PlayStation Vita PCH-1000,,"JP: December 17, 2011 NA: February 15, 2012 PAL: February 22, 2012",8
PlayStation Vita PCH-2000,,"October 10, 2013",8
Z+,Subor,Cancelled (Supposed to Release 2018),8
Neo Geo X,Tommo,"NA:December 18, 2012",8
PlayStation 5 Digital Edition,Sony,,9
PlayStation 5,Sony,,9
PlayStation 5 Pro,Sony,,9
Xbox Series S,Microsoft,,9
Xbox Series X,Microsoft,,9
Nintendo Switch 2,Nintendo,,9
Steam Deck,,,9
Meta Quest 2,,,9
Meta Quest 3,,,9
Meta Quest 3S,,,9
Meta Quest Pro,,,9
PICO 4,,,9
HTC Vive XR Elite,,,9