VENDOR,MODEL,RAW,RAW_MODEL,CLOCKSPEED,GPU,MEMORY,BUSWIDTH,MFLOPS,MAX_BANDWITH,DIRECTX,MEMORY_TYPE,PROCESS_SIZE,TRANSISTORS,BUS_SLOT,EXTERNAL_POWER,MSRP,YEAR
AMD,Radeon (7200),(7200),(7200),155,R100,32,128,,5856,DX7,"SDR,SGRAM,DDR(TSOP)",180nm,30m,AGP4X,no,Enthusiast,2000
AMD,Radeon (7200),(7200),(7200),166,R100,64,128,,5856,DX7,"SDR,SGRAM,DDR(TSOP)",180nm,30m,AGP4X,no,Enthusiast,2000
AMD,Radeon (7200),(7200),(7200),183,R100,64,128,,5856,DX7,"SDR,SGRAM,DDR(TSOP)",180nm,30m,AGP4X,no,Enthusiast,2000
AMD,Radeon LE,LE,LE,148,R100,32,128,,4736,DX7,"SDR,SGRAM,DDR(TSOP)",180nm,30m,AGP4X,no,Highend,2001
AMD,Radeon LE,LE,LE,148,R100,64,128,,4736,DX7,"SDR,SGRAM,DDR(TSOP)",180nm,30m,AGP4X,no,Highend,2001
AMD,Radeon VE (7000),VE (7000),VE (7000),166,RV100,32,64,,2928,DX7,"SDR,DDR(TSOP)",180nm,30m,"AGP4X,PCI",no,Mainstream,2001
AMD,Radeon VE (7000),VE (7000),VE (7000),183,RV100,64,64,,2928,DX7,"SDR,DDR(TSOP)",180nm,30m,"AGP4X,PCI",no,Mainstream,2001
AMD,Radeon 7500,7500,7500,260,RV200,64,128,,7360,DX7,DDR(TSOP),150nm,30m,AGP4X,no,Highend,2001
AMD,Radeon 7500,7500,7500,290,RV200,128,128,,7360,DX7,DDR(TSOP),150nm,30m,AGP4X,no,Highend,2001
AMD,Radeon 7500LE,7500LE,7500LE,250,RV200,64,64,,5856,DX7,DDR(TSOP),150nm,30m,AGP4X,no,Upper Mainstream,2001
AMD,Radeon 7500LE,7500LE,7500LE,250,RV200,128,128,,5856,DX7,DDR(TSOP),150nm,30m,AGP4X,no,Upper Mainstream,2001
AMD,Radeon 8500,8500,8500,275,R200,64,128,?,8800,DX8.1,DDR(TSOP/BGA),150nm,60m,AGP4X,no,Enthusiast,2001
AMD,Radeon 8500,8500,8500,275,R200,128,128,?,8800,DX8.1,DDR(TSOP/BGA),150nm,60m,AGP4X,no,Enthusiast,2001
AMD,Radeon 8500LE,8500LE,8500LE,250,R200,64,128,?,8000,DX8.1,DDR(TSOP/BGA),150nm,60m,AGP4X,no,Highend,2002
AMD,Radeon 8500LE,8500LE,8500LE,250,R200,128,128,?,8000,DX8.1,DDR(TSOP/BGA),150nm,60m,AGP4X,no,Highend,2002
AMD,Radeon 9000,9000,9000,250,RV250,64,128,?,6400,DX8.1,DDR(TSOP),150nm,36m,"AGP4X,PCI",no,Mainstream,2002
AMD,Radeon 9000,9000,9000,250,RV250,128,128,?,6400,DX8.1,DDR(TSOP),150nm,36m,"AGP4X,PCI",no,Mainstream,2002
AMD,Radeon 9000 Pro,9000 Pro,9000 Pro,275,RV250,64,128,?,8800,DX8.1,DDR(TSOP/BGA),150nm,36m,AGP4X,no,Upper Mainstream,2002
AMD,Radeon 9000 Pro,9000 Pro,9000 Pro,275,RV250,128,128,?,8800,DX8.1,DDR(TSOP/BGA),150nm,36m,AGP4X,no,Upper Mainstream,2002
AMD,Radeon 9100,9100,9100,250,R200,64,128,?,8000,DX8.1,DDR(TSOP/BGA),150nm,60m,AGP4X,no,Highend,2003
AMD,Radeon 9100,9100,9100,250,R200,128,128,?,8000,DX8.1,DDR(TSOP/BGA),150nm,60m,AGP4X,no,Highend,2003
AMD,Radeon 9100 Pro,9100 Pro,9100 Pro,275,R200,64,128,?,8800,DX8.1,DDR(TSOP/BGA),150nm,60m,AGP4X,no,OEM,2003
AMD,Radeon 9100 Pro,9100 Pro,9100 Pro,275,R200,128,128,?,8800,DX8.1,DDR(TSOP/BGA),150nm,60m,AGP4X,no,OEM,2003
AMD,Radeon 9200,9200,9200,250,RV280,64,128,?,6400,DX8.1,DDR(TSOP),150nm,36m,"AGP8X,PCI",no,Upper Budget,2003
AMD,Radeon 9200,9200,9200,250,RV280,128,128,?,6400,DX8.1,DDR(TSOP),150nm,36m,"AGP8X,PCI",no,Upper Budget,2003
AMD,Radeon 9200,9200,9200,250,RV280,256,128,?,6400,DX8.1,DDR(TSOP),150nm,36m,"AGP8X,PCI",no,Upper Budget,2003
AMD,Radeon 9200LE,9200LE,9200LE,250,RV280,128,64,?,6400,DX8.1,DDR(TSOP),150nm,36m,"AGP8X,PCI",no,Upper Budget,2003
AMD,Radeon 9200LE,9200LE,9200LE,250,RV280,256,128,?,6400,DX8.1,DDR(TSOP),150nm,36m,"AGP8X,PCI",no,Upper Budget,2003
AMD,Radeon 9200SE,9200SE,9200SE,200,RV280,128,64,?,3200,DX8.1,DDR(TSOP),150nm,36m,"AGP8X,PCI",no,Budget,2003
AMD,Radeon 9200SE,9200SE,9200SE,200,RV280,256,64,?,3200,DX8.1,DDR(TSOP),150nm,36m,"AGP8X,PCI",no,Budget,2003
AMD,Radeon 9200 Pro,9200 Pro,9200 Pro,300,RV280,128,128,?,9600,DX8.1,DDR(TSOP/BGA),150nm,36m,AGP8X,no,OEM,2003
AMD,Radeon 9250,9250,9250,240,RV280,128,64,?,6400,DX8.1,DDR(TSOP),150nm,36m,"AGP8X,PCI",no,Budget mainstream,2004
AMD,Radeon 9250,9250,9250,240,RV280,256,128,?,6400,DX8.1,DDR(TSOP),150nm,36m,"AGP8X,PCI",no,Budget mainstream,2004
AMD,Radeon 9500,9500,9500,275,R300,64,128,13200,17600,DX9,DDR(BGA),150nm,107m,AGP8X,4pin,Mainstream,2002
AMD,Radeon 9500,9500,9500,275,R300,128,256,13200,17600,DX9,DDR(BGA),150nm,107m,AGP8X,4pin,Mainstream,2002
AMD,Radeon 9500 Pro,9500 Pro,9500 Pro,275,R300,128,128,26400,8800,DX9,DDR(BGA),150nm,107m,AGP8X,4pin,$199 ,2002
AMD,Radeon 9550,9550,9550,250,RV350LX,128,64,12000,6400,DX9,DDR(TSOP),130nm,75m,AGP8X,no,Budget,2004
AMD,Radeon 9550,9550,9550,250,RV350LX,256,128,12000,6400,DX9,DDR(TSOP),130nm,75m,AGP8X,no,Budget,2004
AMD,Radeon 9550SE,9550SE,9550SE,250,RV350LX,128,64,12000,3200,DX9,DDR(TSOP),130nm,75m,AGP8X,no,Budget,2004
AMD,Radeon 9550SE,9550SE,9550SE,250,RV350LX,256,64,12000,3200,DX9,DDR(TSOP),130nm,75m,AGP8X,no,Budget,2004
AMD,Radeon 9600,9600,9600,325,RV350,64,64,15600,6400,DX9,DDR(TSOP),130nm,75m,AGP8X,no,Lower Mainstream,2003
AMD,Radeon 9600,9600,9600,325,RV350,128,128,15600,6400,DX9,DDR(TSOP),130nm,75m,AGP8X,no,Lower Mainstream,2003
AMD,Radeon 9600,9600,9600,325,RV350,256,128,15600,6400,DX9,DDR(TSOP),130nm,75m,AGP8X,no,Lower Mainstream,2003
AMD,Radeon 9600LE,9600LE,9600LE,325,RV350,128,64,15600,6400,DX9,DDR(TSOP),130nm,75m,AGP8X,no,Lower Mainstream,2003
AMD,Radeon 9600LE,9600LE,9600LE,325,RV350,128,128,15600,6400,DX9,DDR(TSOP),130nm,75m,AGP8X,no,Lower Mainstream,2003
AMD,Radeon 9600SE,9600SE,9600SE,325,RV350,128,64,15600,3200,DX9,DDR(TSOP),130nm,75m,AGP8X,no,Lower Mainstream,2003
AMD,Radeon 9600SE,9600SE,9600SE,325,RV350,256,64,15600,3200,DX9,DDR(TSOP),130nm,75m,AGP8X,no,Lower Mainstream,2003
AMD,Radeon 9600 Pro,9600 Pro,9600 Pro,400,RV350,128,128,19200,9600,DX9,DDR(TSOP/BGA),130nm,75m,AGP8X,no,$199 ,2003
AMD,Radeon 9600 Pro,9600 Pro,9600 Pro,400,RV350,256,128,19200,9600,DX9,DDR(TSOP/BGA),130nm,75m,AGP8X,no,$199 ,2003
AMD,Radeon 9600XT,9600XT,9600XT,500,RV360,128,128,24000,9600,DX9,DDR(BGA),130nm,75m,AGP8X,no,$199 ,2003
AMD,Radeon 9600XT,9600XT,9600XT,500,RV360,256,128,24000,9600,DX9,DDR(BGA),130nm,75m,AGP8X,no,$199 ,2003
AMD,Radeon 9700,9700,9700,275,R300,128,256,26400,17600,DX9,DDR(BGA),150nm,107m,AGP8X,4pin,$299 ,2002
AMD,Radeon 9700 Pro,9700 Pro,9700 Pro,325,R300,128,256,31200,19840,DX9,DDR(BGA),150nm,107m,AGP8X,4pin,$399 ,2002
AMD,Radeon 9700TX,9700TX,9700TX,270,R300,128,256,25920,17280,DX9,DDR(BGA),150nm,107m,AGP8X,4pin,OEM,2002
AMD,Radeon 9800,9800,9800,325,R350,128,128,31200,18560,DX9,DDR(BGA),150nm,115m,AGP8X,4pin,Highend,2003
AMD,Radeon 9800,9800,9800,325,R350,256,256,31200,18560,DX9,DDR(BGA),150nm,115m,AGP8X,4pin,Highend,2003
AMD,Radeon 9800SE,9800SE,9800SE,325,R350,128,128,36480,21760,DX9,DDR(BGA),150nm,115m,AGP8X,4pin,Upper Mainstream,2003
AMD,Radeon 9800SE,9800SE,9800SE,380,R350,256,256,36480,21760,DX9,DDR(BGA),150nm,115m,AGP8X,4pin,Upper Mainstream,2003
AMD,Radeon 9800 Pro,9800 Pro,9800 Pro,380,R350,128,256,36480,22400,DX9,"DDR(BGA),GDDR2",150nm,115m,AGP8X,4pin,Enthusiast,2003
AMD,Radeon 9800 Pro,9800 Pro,9800 Pro,380,R350,256,256,36480,22400,DX9,"DDR(BGA),GDDR2",150nm,115m,AGP8X,4pin,Enthusiast,2003
AMD,Radeon 9800XT,9800XT,9800XT,412,R360,256,256,39552,23360,DX9,DDR(BGA),150nm,115m,AGP8X,4pin,Enthusiast,2003
AMD,Radeon X300,X300,X300,325,RV370,128,128,15600,6400,DX9,DDR(TSOP),110nm,75m,PCIe16X,no,Lower Mainstream,2004
AMD,Radeon X300,X300,X300,325,RV370,256,128,15600,6400,DX9,DDR(TSOP),110nm,75m,PCIe16X,no,Lower Mainstream,2004
AMD,Radeon X300SE,X300SE,X300SE,325,RV370,128,64,15600,3200,DX9,DDR(TSOP),110nm,75m,PCIe16X,no,Lower Mainstream,2004
AMD,Radeon X300SE,X300SE,X300SE,325,RV370,256,64,15600,3200,DX9,DDR(TSOP),110nm,75m,PCIe16X,no,Lower Mainstream,2004
AMD,Radeon X300SE HyperMemory,X300SE HyperMemory,X300SE HyperMemory,325,RV370SE,32,64,15600,8800,DX9,DDR(BGA),110nm,75m,PCIe16X,no,Lower Mainstream,2005
AMD,Radeon X300SE HyperMemory,X300SE HyperMemory,X300SE HyperMemory,325,RV370SE,128,64,15600,8800,DX9,DDR(BGA),110nm,75m,PCIe16X,no,Lower Mainstream,2005
AMD,Radeon X550,X550,X550,400,RV370XT,128,64,19200,8000,DX9,DDR(TSOP/BGA),110nm,75m,PCIe16X,no,Lower Mainstream,2005
AMD,Radeon X550,X550,X550,400,RV370XT,256,128,19200,8000,DX9,DDR(TSOP/BGA),110nm,75m,PCIe16X,no,Lower Mainstream,2005
AMD,Radeon X600 Pro,X600 Pro,X600 Pro,400,RV380,128,128,19200,9600,DX9,DDR(BGA),130nm,75m,PCIe16X,no,Mainstream,2004
AMD,Radeon X600 Pro,X600 Pro,X600 Pro,400,RV380,256,128,19200,9600,DX9,DDR(BGA),130nm,75m,PCIe16X,no,Mainstream,2004
AMD,Radeon X600XT,X600XT,X600XT,500,RV380,128,128,24000,11840,DX9,DDR(BGA),130nm,75m,PCIe16X,no,Upper Mainstream,2004
AMD,Radeon X600XT,X600XT,X600XT,500,RV380,256,128,24000,11840,DX9,DDR(BGA),130nm,75m,PCIe16X,no,Upper Mainstream,2004
AMD,Radeon X700,X700,X700,400,RV410,128,128,38400,11200,DX9b,DDR(BGA),110nm,120m,PCIe16X,no,Mainstream,2005
AMD,Radeon X700,X700,X700,400,RV410,256,128,38400,11200,DX9b,DDR(BGA),110nm,120m,PCIe16X,no,Mainstream,2005
AMD,Radeon X700LE,X700LE,X700LE,400,RV410,128,128,38400,11200,DX9b,DDR(BGA),110nm,120m,PCIe16X,no,Mainstream,2005
AMD,Radeon X700LE,X700LE,X700LE,400,RV410,256,128,38400,11200,DX9b,DDR(BGA),110nm,120m,PCIe16X,no,Mainstream,2005
AMD,Radeon X700 Pro,X700 Pro,X700 Pro,425,RV410,128,128,40800,13760,DX9b,GDDR3,110nm,120m,"PCIe16X,AGP8X",either,Upper Mainstream,2005
AMD,Radeon X700 Pro,X700 Pro,X700 Pro,425,RV410,256,128,40800,13760,DX9b,GDDR3,110nm,120m,"PCIe16X,AGP8X",either,Upper Mainstream,2005
AMD,Radeon X700XT,X700XT,X700XT,475,RV410,128,128,45600,16800,DX9b,GDDR3,110nm,120m,PCIe16X,no,,Unreleased
AMD,Radeon X700XT,X700XT,X700XT,475,RV410,256,128,45600,16800,DX9b,GDDR3,110nm,120m,PCIe16X,no,,Unreleased
AMD,Radeon X800,X800,X800,392,R430,128,256,56448,22400,DX9b,GDDR3,110nm,160m,"PCIe16X,AGP8X",either,$199 ,2004
AMD,Radeon X800,X800,X800,392,R430,256,256,56448,22400,DX9b,GDDR3,110nm,160m,"PCIe16X,AGP8X",either,$199 ,2004
AMD,Radeon X800SE,X800SE,X800SE,425,"R420,R423,R430",256,256,40800,25600,DX9b,GDDR3,130nm,160m,"PCIe16X,AGP8X",yes,Upper Mainstream,2004
AMD,Radeon X800GT,X800GT,X800GT,475,"R423,R480",128,256,45600,31360,DX9b,GDDR3,130nm,~160m,PCIe16X,no,Mainstream,2005
AMD,Radeon X800GT,X800GT,X800GT,475,"R423,R480",256,256,45600,31360,DX9b,GDDR3,130nm,~160m,PCIe16X,no,Mainstream,2005
AMD,Radeon X800GTO,X800GTO,X800GTO,400,"R420,423,430,480",128,256,57600,31360,DX9b,GDDR3,130nm,~160m,"PCIe16X,AGP8X",no,Mainstream,2005
AMD,Radeon X800GTO,X800GTO,X800GTO,400,"R420,423,430,480",256,256,57600,31360,DX9b,GDDR3,130nm,~160m,"PCIe16X,AGP8X",no,Mainstream,2005
AMD,Radeon X800XL,X800XL,X800XL,400,R430,256,256,76800,31360,DX9b,GDDR3,110nm,160m,"PCIe16X,AGP8X",either,$299 ,2005
AMD,Radeon X800XL,X800XL,X800XL,400,R430,512,256,76800,31360,DX9b,GDDR3,110nm,160m,"PCIe16X,AGP8X",either,$299 ,2005
AMD,Radeon X800 Pro,X800 Pro,X800 Pro,475,"R420,R423",256,256,68400,28800,DX9b,GDDR3,130nm,160m,"PCIe16X,AGP8X",4pin/6pin,$399 ,2004
AMD,Radeon X800XT,X800XT,X800XT,500,"R420,R423",256,256,96000,32000,DX9b,GDDR3,130nm,160m,"PCIe16X,AGP8X",4pin/6pin,$499 ,2004
AMD,Radeon X800XT Platinum Ed.,X800XT Platinum Ed.,X800XT Platinum Ed.,520,"R420,R423",256,256,99840,35840,DX9b,GDDR3,130nm,160m,"PCIe16X,AGP8X",4pin/6pin,$549 ,2004
AMD,Radeon X850 Pro,X850 Pro,X850 Pro,500,"R480,R481",256,256,74880,33280,DX9b,GDDR3,130nm,>160m,"PCIe16X,AGP8X",4pin/6pin,$399 ,2004
AMD,Radeon X850XT,X850XT,X850XT,520,"R480,R481",256,256,99840,34560,DX9b,GDDR3,130nm,>160m,"PCIe16X,AGP8X",4pin/6pin,$499 ,2004
AMD,Radeon X850XT,X850XT,X850XT,520,"R480,R481",512,256,99840,34560,DX9b,GDDR3,130nm,>160m,"PCIe16X,AGP8X",4pin/6pin,$499 ,2004
AMD,Radeon X850XT Platinum Ed.,X850XT Platinum Ed.,X850XT Platinum Ed.,540,"R480,R481",256,256,103680,37760,DX9b,GDDR3,130nm,>160m,"PCIe16X,AGP8X",4pin/6pin,$549 ,2004
AMD,Radeon X850XT Platinum Ed.,X850XT Platinum Ed.,X850XT Platinum Ed.,540,"R480,R481",512,256,103680,37760,DX9b,GDDR3,130nm,>160m,"PCIe16X,AGP8X",4pin/6pin,$549 ,2004
AMD,Radeon X1050,X1050,X1050,325,"RV350,RV370",128,64,19200,10656,DX9,"DDR(TSOP/BGA),DDR2","130,110nm",75m,"PCIe16X,AGP8X",no,Budget,
AMD,Radeon X1050,X1050,X1050,400,"RV350,RV370",256,128,19200,10656,DX9,"DDR(TSOP/BGA),DDR2","130,110nm",75m,"PCIe16X,AGP8X",no,Budget,
AMD,Radeon X1300,X1300,X1300,450,RV515,128,64,21600,8000,DX9c,DDR2,90nm,105m,"PCIe16X,AGP8X",either,Lower Mainstream,2005
AMD,Radeon X1300,X1300,X1300,450,RV515,256,128,21600,8000,DX9c,DDR2,90nm,105m,"PCIe16X,AGP8X",either,Lower Mainstream,2005
AMD,Radeon X1300,X1300,X1300,450,RV515,512,128,21600,8000,DX9c,DDR2,90nm,105m,"PCIe16X,AGP8X",either,Lower Mainstream,2005
AMD,Radeon X1300 Pro,X1300 Pro,X1300 Pro,600,RV515,256,128,28800,12800,DX9c,DDR2,90nm,105m,"PCIe16X,AGP8X",either,Mainstream,2005
AMD,Radeon X1300 Pro,X1300 Pro,X1300 Pro,600,RV515,512,128,28800,12800,DX9c,DDR2,90nm,105m,"PCIe16X,AGP8X",either,Mainstream,2005
AMD,Radeon X1300XT,X1300XT,X1300XT,500,RV530,256,128,72000,12480,DX9c,DDR2,90nm,157m,PCIe16X,no,Upper Mainstream,2006
AMD,Radeon X1300XT,X1300XT,X1300XT,500,RV530,512,128,72000,12480,DX9c,DDR2,90nm,157m,PCIe16X,no,Upper Mainstream,2006
AMD,Radeon X1550,X1550,X1550,550,RV515,256,64,26400,12800,DX9c,DDR2,90nm,105m,"PCIe16X,AGP8X",either,Lower Mainstream,2007
AMD,Radeon X1550,X1550,X1550,550,RV515,512,128,26400,12800,DX9c,DDR2,90nm,105m,"PCIe16X,AGP8X",either,Lower Mainstream,2007
AMD,Radeon X1600 Pro,X1600 Pro,X1600 Pro,500,RV530,256,128,72000,12480,DX9c,"DDR2,GDDR3",90nm,157m,"PCIe16X,AGP8X",either,Upper Mainstream,2005
AMD,Radeon X1600 Pro,X1600 Pro,X1600 Pro,500,RV530,512,128,72000,12480,DX9c,"DDR2,GDDR3",90nm,157m,"PCIe16X,AGP8X",either,Upper Mainstream,2005
AMD,Radeon X1600XT,X1600XT,X1600XT,590,RV530,256,128,84960,22080,DX9c,GDDR3,90nm,157m,"PCIe16X,AGP8X",either,Upper Mainstream,2005
AMD,Radeon X1600XT,X1600XT,X1600XT,590,RV530,512,128,84960,22080,DX9c,GDDR3,90nm,157m,"PCIe16X,AGP8X",either,Upper Mainstream,2005
AMD,Radeon X1650,X1650,X1650,500,RV530,256,128,72000,12480,DX9c,"DDR2,GDDR3",90nm,157m,"PCIe16X,AGP8X",either,Upper Mainstream,2007
AMD,Radeon X1650,X1650,X1650,500,RV530,512,128,72000,12480,DX9c,"DDR2,GDDR3",90nm,157m,"PCIe16X,AGP8X",either,Upper Mainstream,2007
AMD,Radeon X1650GT,X1650GT,X1650GT,400,RV560,256,128,115200,12480,DX9c,"DDR2,GDDR3",80nm,330m,"PCIe16X,AGP8X",either,Mainstream,2007
AMD,Radeon X1650GT,X1650GT,X1650GT,400,RV560,512,128,115200,12480,DX9c,"DDR2,GDDR3",80nm,330m,"PCIe16X,AGP8X",either,Mainstream,2007
AMD,Radeon X1650 Pro,X1650 Pro,X1650 Pro,600,RV535,256,128,86400,22400,DX9c,GDDR3,90nm,157m,"PCIe16X,AGP8X",either,Mainstream,2006
AMD,Radeon X1650 Pro,X1650 Pro,X1650 Pro,600,RV535,512,128,86400,22400,DX9c,GDDR3,90nm,157m,"PCIe16X,AGP8X",either,Mainstream,2006
AMD,Radeon X1650XT,X1650XT,X1650XT,575,RV560,256,128,165600,21600,DX9c,GDDR3,80nm,330m,PCIe16X,no,Upper Mainstream,2006
AMD,Radeon X1650XT,X1650XT,X1650XT,575,RV560,512,128,165600,21600,DX9c,GDDR3,80nm,330m,PCIe16X,no,Upper Mainstream,2006
AMD,Radeon X1800GTO,X1800GTO,X1800GTO,500,R520,256,256,72000,32000,DX9c,GDDR3,90nm,321m,PCIe16X,6pin,Upper Mainstream,2006
AMD,Radeon X1800XL,X1800XL,X1800XL,500,R520,256,256,96000,32000,DX9c,GDDR3,90nm,321m,PCIe16X,6pin,Highend,2005
AMD,Radeon X1800XL,X1800XL,X1800XL,500,R520,512,256,96000,32000,DX9c,GDDR3,90nm,321m,PCIe16X,6pin,Highend,2005
AMD,Radeon X1800XT,X1800XT,X1800XT,625,R520,256,256,120000,45000,DX9c,GDDR3,90nm,321m,PCIe16X,6pin,Enthusiast,2005
AMD,Radeon X1800XT,X1800XT,X1800XT,625,R520,512,256,120000,45000,DX9c,GDDR3,90nm,321m,PCIe16X,6pin,Enthusiast,2005
AMD,Radeon X1900,X1900,X1900,500,R580,256,256,288000,32000,DX9c,GDDR3,90nm,384m,PCIe16X,6pin,Enthusiast,2006
AMD,Radeon X1900GT,X1900GT,X1900GT,512,R580,256,256,248400,42240,DX9c,GDDR3,90nm,384m,PCIe16X,6pin,Upper Mainstream,2006
AMD,Radeon X1900GT,X1900GT,X1900GT,575,R580,512,256,248400,42240,DX9c,GDDR3,90nm,384m,PCIe16X,6pin,Upper Mainstream,2006
AMD,Radeon X1900XT,X1900XT,X1900XT,625,R580,256,256,360000,46400,DX9c,GDDR3,90nm,384m,PCIe16X,6pin,Enthusiast,2006
AMD,Radeon X1900XT,X1900XT,X1900XT,625,R580,512,256,360000,46400,DX9c,GDDR3,90nm,384m,PCIe16X,6pin,Enthusiast,2006
AMD,Radeon X1900XTX,X1900XTX,X1900XTX,650,R580,512,256,374400,49600,DX9c,GDDR3,90nm,384m,PCIe16X,6pin,Enthusiast,2006
AMD,Radeon X1950GT,X1950GT,X1950GT,500,RV570,256,256,216000,38400,DX9c,GDDR3,80nm,330m,"PCIe16X,AGP8X",4pin(x2)/6pin,Upper Mainstream,2007
AMD,Radeon X1950GT,X1950GT,X1950GT,500,RV570,512,256,216000,38400,DX9c,GDDR3,80nm,330m,"PCIe16X,AGP8X",4pin(x2)/6pin,Upper Mainstream,2007
AMD,Radeon X1950 Pro,X1950 Pro,X1950 Pro,575,RV570,256,256,248400,44160,DX9c,GDDR3,80nm,330m,"PCIe16X,AGP8X",6pin,Highend,2006
AMD,Radeon X1950 Pro,X1950 Pro,X1950 Pro,575,RV570,512,256,248400,44160,DX9c,GDDR3,80nm,330m,"PCIe16X,AGP8X",6pin,Highend,2006
AMD,Radeon X1950XT,X1950XT,X1950XT,625,R580,256,256,360000,57600,DX9c,GDDR3,90nm,384m,"PCIe16X,AGP8X",6pin,Highend,2006
AMD,Radeon X1950XT,X1950XT,X1950XT,625,R580,512,256,360000,57600,DX9c,GDDR3,90nm,384m,"PCIe16X,AGP8X",6pin,Highend,2006
AMD,Radeon X1950XTX,X1950XTX,X1950XTX,650,R580,512,256,374400,64000,DX9c,GDDR4,90nm,384m,PCIe16X,6pin,Enthusiast,2006
AMD,Radeon HD 2400 Pro,HD 2400 Pro,HD 2400 Pro,525,RV610,256,64,42000,8000,DX10,"DDR2,GDDR3",65nm,180m,PCIe16X,no,,2007
AMD,Radeon HD 2400XT,HD 2400XT,HD 2400XT,700,RV610,256,64,56000,12800,DX10,GDDR3,65nm,180m,PCIe16X,no,,2007
AMD,Radeon HD 2600 Pro,HD 2600 Pro,HD 2600 Pro,600,RV630,256,128,144000,16000,DX10,"DDR2,GDDR3",65nm,390m,"PCIe16X,AGP8X",either,,2007
AMD,Radeon HD 2600 Pro,HD 2600 Pro,HD 2600 Pro,600,RV630,512,128,144000,16000,DX10,"DDR2,GDDR3",65nm,390m,"PCIe16X,AGP8X",either,,2007
AMD,Radeon HD 2600XT,HD 2600XT,HD 2600XT,800,RV630,256,128,192000,35200,DX10,"GDDR3,4",65nm,390m,"PCIe16X,AGP8X",either,$199 ,2007
AMD,Radeon HD 2600XT,HD 2600XT,HD 2600XT,800,RV630,512,128,192000,35200,DX10,"GDDR3,4",65nm,390m,"PCIe16X,AGP8X",either,$199 ,2007
AMD,Radeon HD 2900GT,HD 2900GT,HD 2900GT,600,R600,256,256,288000,51200,DX10,GDDR3,80nm,720m,PCIe16X,6pin,,2007
AMD,Radeon HD 2900 Pro,HD 2900 Pro,HD 2900 Pro,600,R600,512,512,384000,102400,DX10,GDDR3,80nm,720m,PCIe16X,6+8pin,,2007
AMD,Radeon HD 2900 Pro,HD 2900 Pro,HD 2900 Pro,600,R600,1024,512,384000,102400,DX10,GDDR3,80nm,720m,PCIe16X,6+8pin,,2007
AMD,Radeon HD 2900XT,HD 2900XT,HD 2900XT,740,R600,512,512,473600,140800,DX10,"GDDR3,4",80nm,720m,PCIe16X,6+8pin,$399 ,2007
AMD,Radeon HD 2900XT,HD 2900XT,HD 2900XT,740,R600,1024,512,473600,140800,DX10,"GDDR3,4",80nm,720m,PCIe16X,6+8pin,$399 ,2007
AMD,Radeon HD 3450,HD 3450,HD 3450,600,RV620,256,64,48000,8000,DX10.1,DDR2,55nm,181m,PCIe2.0,no,,2008
AMD,Radeon HD 3470,HD 3470,HD 3470,800,RV620,256,64,64000,15200,DX10.1,GDDR3,55nm,181m,PCIe2.0,no,,2008
AMD,Radeon HD 3470,HD 3470,HD 3470,800,RV620,512,64,64000,15200,DX10.1,GDDR3,55nm,181m,PCIe2.0,no,,2008
AMD,Radeon HD 3650,HD 3650,HD 3650,725,RV635,256,128,174000,25600,DX10.1,"DDR2,GDDR3",55nm,378m,"PCIe2.0,AGP8X",either,,2008
AMD,Radeon HD 3650,HD 3650,HD 3650,725,RV635,512,128,174000,25600,DX10.1,"DDR2,GDDR3",55nm,378m,"PCIe2.0,AGP8X",either,,2008
AMD,Radeon HD 3650,HD 3650,HD 3650,725,RV635,1024,128,174000,25600,DX10.1,"DDR2,GDDR3",55nm,378m,"PCIe2.0,AGP8X",either,,2008
AMD,Radeon HD 3850,HD 3850,HD 3850,670,RV670,256,256,428800,53312,DX10.1,GDDR3,55nm,666m,"PCIe2.0,AGP8X",6+8pin,$179 ,2007
AMD,Radeon HD 3850,HD 3850,HD 3850,670,RV670,512,256,428800,53312,DX10.1,GDDR3,55nm,666m,"PCIe2.0,AGP8X",6+8pin,$179 ,2007
AMD,Radeon HD 3850,HD 3850,HD 3850,670,RV670,1024,256,428800,53312,DX10.1,GDDR3,55nm,666m,"PCIe2.0,AGP8X",6+8pin,$179 ,2007
AMD,Radeon HD 3870,HD 3870,HD 3870,775,RV670,512,256,496000,76800,DX10.1,GDDR4,55nm,666m,PCIe2.0,6pin,$269 ,2007
AMD,Radeon HD 3870,HD 3870,HD 3870,775,RV670,1024,256,496000,76800,DX10.1,GDDR4,55nm,666m,PCIe2.0,6pin,$269 ,2007
AMD,Radeon HD 3870X2,HD 3870X2,HD 3870X2,825,R680,512,256(x2),528000(x2),57600(x2),DX10.1,GDDR3,55nm,666m(x2),PCIe16X,6+8pin,$449 ,2008
AMD,Radeon HD 4350,HD 4350,HD 4350,600,RV710,256,64,96000,8000,DX10.1,DDR2,55nm,242m,PCIe2.0,no,,2008
AMD,Radeon HD 4550,HD 4550,HD 4550,600,RV710,256,64,96000,12800,DX10.1,DDR3,55nm,242m,PCIe2.0,no,$59 ,2008
AMD,Radeon HD 4550,HD 4550,HD 4550,600,RV710,512,64,96000,12800,DX10.1,DDR3,55nm,242m,PCIe2.0,no,$59 ,2008
AMD,Radeon HD 4650,HD 4650,HD 4650,600,RV730,512,128,384000,16000,DX10.1,DDR2,55nm,514m,PCIe2.0,no,,2008
AMD,Radeon HD 4670,HD 4670,HD 4670,750,RV730,512,128,480000,35200,DX10.1,"DDR3,GDDR3,GDDR4",55nm,514m,"PCIe2.0,AGP8X",no,$67 ,2008
AMD,Radeon HD 4670,HD 4670,HD 4670,750,RV730,1024,128,480000,35200,DX10.1,"DDR3,GDDR3,GDDR4",55nm,514m,"PCIe2.0,AGP8X",no,$67 ,2008
AMD,Radeon HD 4770,HD 4770,HD 4770,750,RV740,512,128,960000,51200,DX10.1,GDDR5,40nm,826m,PCIe2.0,6pin,$109 ,2009
AMD,Radeon HD 4830,HD 4830,HD 4830,625,RV770LE,512,256,800000,64000,DX10.1,GDDR3,55nm,956m,PCIe2.0,6pin,$130 ,2008
AMD,Radeon HD 4850,HD 4850,HD 4850,625,RV770,512,256,1000000,64000,DX10.1,GDDR3,55nm,956m,PCIe2.0,6pin,$199 ,2008
AMD,Radeon HD 4850,HD 4850,HD 4850,625,RV770,1024,256,1000000,64000,DX10.1,GDDR3,55nm,956m,PCIe2.0,6pin,$199 ,2008
AMD,Radeon HD 4850X2,HD 4850X2,HD 4850X2,625,R700,1024,256(x2),1000000(x2),64000(x2),DX10.1,GDDR3,55nm,956m(x2),PCIe2.0,6+8pin,$420 ,2008
AMD,Radeon HD 4860,HD 4860,HD 4860,700,RV790,512,256,896000,96000,DX10.1,GDDR5,55nm,959m,PCIe2.0,6pin(x2),,2009
AMD,Radeon HD 4860,HD 4860,HD 4860,700,RV790,1024,256,896000,96000,DX10.1,GDDR5,55nm,959m,PCIe2.0,6pin(x2),,2009
AMD,Radeon HD 4870,HD 4870,HD 4870,750,RV770,512,256,1200000,115200,DX10.1,GDDR5,55nm,956m,PCIe2.0,6pin(x2),$299 ,2008
AMD,Radeon HD 4870,HD 4870,HD 4870,750,RV770,1024,256,1200000,115200,DX10.1,GDDR5,55nm,956m,PCIe2.0,6pin(x2),$299 ,2008
AMD,Radeon HD 4870X2,HD 4870X2,HD 4870X2,750,R700,1024,256(x2),1200000(x2),115200(x2),DX10.1,GDDR5,55nm,956m(x2),PCIe2.0,6+8pin,$550 ,2008
AMD,Radeon HD 4890,HD 4890,HD 4890,850,RV790,1024,256,1440000,124800,DX10.1,GDDR5,55nm,959m,PCIe2.0,6+8pin,$249 ,2009
AMD,Radeon HD 4890,HD 4890,HD 4890,900,RV790,1024,256,1440000,124800,DX10.1,GDDR5,55nm,959m,PCIe2.0,6+8pin,$249 ,2009
AMD,Radeon HD 5450,HD 5450,HD 5450,650,Cedar,512,64,104000,12800,DX11,"DDR2,GDDR3",40nm,292m,"PCIe2.1,AGP8X",no,,2010
AMD,Radeon HD 5450,HD 5450,HD 5450,650,Cedar,1024,64,104000,12800,DX11,"DDR2,GDDR3",40nm,292m,"PCIe2.1,AGP8X",no,,2010
AMD,Radeon HD 5550,HD 5550,HD 5550,550,Redwood,512,128,352000,12800,DX11,DDR2,40nm,627m,PCIe2.1,no,,2010
AMD,Radeon HD 5550,HD 5550,HD 5550,550,Redwood,1024,128,352000,12800,DX11,DDR2,40nm,627m,PCIe2.1,no,,2010
AMD,Radeon HD 5570,HD 5570,HD 5570,650,Redwood,512,128,520000,28800,DX11,GDDR3,40nm,627m,PCIe2.1,no,,2010
AMD,Radeon HD 5570,HD 5570,HD 5570,650,Redwood,1024,128,520000,28800,DX11,GDDR3,40nm,627m,PCIe2.1,no,,2010
AMD,Radeon HD 5670,HD 5670,HD 5670,775,Redwood,512,128,620000,64000,DX11,GDDR5,40nm,627m,PCIe2.1,no,$119 ,2010
AMD,Radeon HD 5670,HD 5670,HD 5670,775,Redwood,1024,128,620000,64000,DX11,GDDR5,40nm,627m,PCIe2.1,no,$119 ,2010
AMD,Radeon HD 5750,HD 5750,HD 5750,700,Juniper,512,128,1008000,73600,DX11,GDDR5,40nm,1.04b,PCIe2.1,6pin,,2009
AMD,Radeon HD 5750,HD 5750,HD 5750,700,Juniper,1024,128,1008000,73600,DX11,GDDR5,40nm,1.04b,PCIe2.1,6pin,,2009
AMD,Radeon HD 5770,HD 5770,HD 5770,850,Juniper,1024,128,1360000,76800,DX11,GDDR5,40nm,1.04b,PCIe2.1,6pin,$159 ,2009
AMD,Radeon HD 5830,HD 5830,HD 5830,800,Cypress,1024,256,1792000,128000,DX11,GDDR5,40nm,2.15b,PCIe2.1,6pin(x2),,2010
AMD,Radeon HD 5850,HD 5850,HD 5850,725,Cypress,1024,256,2088000,128000,DX11,GDDR5,40nm,2.15b,PCIe2.1,6pin(x2),$299 ,2009
AMD,Radeon HD 5870,HD 5870,HD 5870,850,Cypress,1024,256,2720000,153600,DX11,GDDR5,40nm,2.15b,PCIe2.1,6pin(x2),$399 ,2009
AMD,Radeon HD 5870,HD 5870,HD 5870,850,Cypress,2048,256,2720000,153600,DX11,GDDR5,40nm,2.15b,PCIe2.1,6pin(x2),$399 ,2009
AMD,Radeon HD 5870 EF6,HD 5870 EF6,HD 5870 EF6,850,Cypress,2048,256,2720000,153600,DX11,GDDR5,40nm,2.15b,PCIe2.1,6+8pin,$479 ,2010
AMD,Radeon HD 5970,HD 5970,HD 5970,725,Hemlock,1024,256(x2),2320000(x2),128000(x2),DX11,GDDR5,40nm,2.15b(x2),PCIe2.1,6+8pin,$699 ,2009
AMD,Radeon HD 6350,HD 6350,HD 6350,650,Cedar,512,64,104000,12800,DX11,GDDR3,40nm,292m,PCIe2.1,no,$23 ,2011
AMD,Radeon HD 6350,HD 6350,HD 6350,650,Cedar,1024,64,104000,12800,DX11,GDDR3,40nm,292m,PCIe2.1,no,$23 ,2011
AMD,Radeon HD 6450,HD 6450,HD 6450,650,Caicos,512,64,240000,28800,DX11,"DDR3,GDDR5",40nm,370m,PCIe2.1,no,$55 ,2011
AMD,Radeon HD 6450,HD 6450,HD 6450,750,Caicos,512,64,240000,28800,DX11,"DDR3,GDDR5",40nm,370m,PCIe2.1,no,$55 ,2011
AMD,Radeon HD 6570,HD 6570,HD 6570,650,Turks,512,128,624000,64000,DX11,"DDR3,GDDR5",40nm,716m,PCIe2.1,no,$79 ,2011
AMD,Radeon HD 6570,HD 6570,HD 6570,650,Turks,1024,128,624000,64000,DX11,"DDR3,GDDR5",40nm,716m,PCIe2.1,no,$79 ,2011
AMD,Radeon HD 6670,HD 6670,HD 6670,800,Turks,1024,128,768000,64000,DX11,GDDR5,40nm,716m,PCIe2.1,no,$99 ,2011
AMD,Radeon HD 6750,HD 6750,HD 6750,700,Juniper,512,128,1008000,73600,DX11,GDDR5,40nm,1.04b,PCIe2.1,6pin,,2011
AMD,Radeon HD 6750,HD 6750,HD 6750,700,Juniper,1024,128,1008000,73600,DX11,GDDR5,40nm,1.04b,PCIe2.1,6pin,,2011
AMD,Radeon HD 6770,HD 6770,HD 6770,850,Juniper,1024,128,1360000,76800,DX11,GDDR5,40nm,1.04b,PCIe2.1,6pin,$129 ,2011
AMD,Radeon HD 6790,HD 6790,HD 6790,900,Barts,1024,256,1440000,134400,DX11,GDDR5,40nm,1.7b,PCIe2.1,6pin,$149 ,2011
AMD,Radeon HD 6850,HD 6850,HD 6850,775,Barts,1024,256,1488000,128000,DX11,GDDR5,40nm,1.7b,PCIe2.1,6pin,$179 ,2010
AMD,Radeon HD 6870,HD 6870,HD 6870,900,Barts,1024,256,2016000,134400,DX11,GDDR5,40nm,1.7b,PCIe2.1,6pin(x2),$239 ,2010
AMD,Radeon HD 6930,HD 6930,HD 6930,750,Cayman,1024,256,1920000,76800,DX11,GDDR5,40nm,2.64b,PCIe2.1,6pin(x2),$180 ,2011
AMD,Radeon HD 6930,HD 6930,HD 6930,750,Cayman,2048,256,1920000,76800,DX11,GDDR5,40nm,2.64b,PCIe2.1,6pin(x2),$180 ,2011
AMD,Radeon HD 6950,HD 6950,HD 6950,800,Caymen,1024,256,2252800,160000,DX11,GDDR5,40nm,2.64b,PCIe2.1,6pin(x2),$299 ,2010
AMD,Radeon HD 6950,HD 6950,HD 6950,800,Caymen,2048,256,2252800,160000,DX11,GDDR5,40nm,2.64b,PCIe2.1,6pin(x2),$299 ,2010
AMD,Radeon HD 6970,HD 6970,HD 6970,880,Caymen,1024,256,2703360,176000,DX11,GDDR5,40nm,2.64b,PCIe2.1,6+8pin,$369 ,2010
AMD,Radeon HD 6970,HD 6970,HD 6970,880,Caymen,2048,256,2703360,176000,DX11,GDDR5,40nm,2.64b,PCIe2.1,6+8pin,$369 ,2010
AMD,Radeon HD 6990,HD 6990,HD 6990,830,Antilles,2048,256(x2),2549760(x2),160000(x2),DX11,GDDR5,40nm,2.64b(x2),PCIe2.1,8pin(x2),$699 ,2011
AMD,Radeon HD 7350,HD 7350,HD 7350,650,Cedar,512,64,104000,12800,DX11,GDDR3,40nm,292m,PCIe2.1,no,OEM,2012
AMD,Radeon HD 7350,HD 7350,HD 7350,650,Cedar,1024,64,104000,12800,DX11,GDDR3,40nm,292m,PCIe2.1,no,OEM,2012
AMD,Radeon HD 7450,HD 7450,HD 7450,625,Caicos,512,64,200000,12800,DX11,DDR3,40nm,370m,PCIe2.1,no,OEM,2012
AMD,Radeon HD 7450,HD 7450,HD 7450,625,Caicos,1024,64,200000,12800,DX11,DDR3,40nm,370m,PCIe2.1,no,OEM,2012
AMD,Radeon HD 7470,HD 7470,HD 7470,750,Caicos,512,64,240000,28800,DX11,GDDR5,40nm,370m,PCIe2.1,no,OEM,2012
AMD,Radeon HD 7470,HD 7470,HD 7470,750,Caicos,1024,64,240000,28800,DX11,GDDR5,40nm,370m,PCIe2.1,no,OEM,2012
AMD,Radeon HD 7570,HD 7570,HD 7570,650,Turks,512,128,624000,64000,DX11,"DDR3,GDDR5",40nm,716m,PCIe2.1,no,OEM,2012
AMD,Radeon HD 7570,HD 7570,HD 7570,650,Turks,1024,128,624000,64000,DX11,"DDR3,GDDR5",40nm,716m,PCIe2.1,no,OEM,2012
AMD,Radeon HD 7670,HD 7670,HD 7670,800,Turks,512,128,768000,640000,DX11,GDDR5,40nm,716m,PCIe2.1,no,OEM,2012
AMD,Radeon HD 7670,HD 7670,HD 7670,800,Turks,1024,128,768000,640000,DX11,GDDR5,40nm,716m,PCIe2.1,no,OEM,2012
AMD,Radeon HD 7750,HD 7750,HD 7750,800,Cape Verde,1024,128,921600,72000,DX11.2,GDDR5,28nm,1.5b,PCIe3.0,no,$109 ,2012
AMD,Radeon HD 7750,HD 7750,HD 7750,900,Cape Verde,1024,128,921600,72000,DX11.2,GDDR5,28nm,1.5b,PCIe3.0,no,$109 ,2012
AMD,Radeon HD 7770 GHz Ed.,HD 7770 GHz Ed.,HD 7770 GHz Ed.,1000,Cape Verde,1024,128,1280000,72000,DX11.2,GDDR5,28nm,1.5b,PCIe3.0,6pin,$159 ,2012
AMD,Radeon HD 7790,HD 7790,HD 7790,1000,Bonaire,1024,128,1792000,96000,DX11.2,GDDR5,28nm,2.08b,PCIe3.0,6pin,$149 ,2013
AMD,Radeon HD 7790,HD 7790,HD 7790,1000,Bonaire,2048,128,1792000,96000,DX11.2,GDDR5,28nm,2.08b,PCIe3.0,6pin,$149 ,2013
AMD,Radeon HD 7850,HD 7850,HD 7850,860,Pitcairn,2048,256,1761280,153600,DX11.2,GDDR5,28nm,2.8b,PCIe3.0,6pin,$249 ,2012
AMD,Radeon HD 7870 GHz Ed.,HD 7870 GHz Ed.,HD 7870 GHz Ed.,1000,Pitcairn,2048,256,2560000,153600,DX11.2,GDDR5,28nm,2.8b,PCIe3.0,6pin(x2),$349 ,2012
AMD,Radeon HD 7870 XT,HD 7870 XT,HD 7870 XT,925-975,Tahiti,2048,256,2995200,192000,DX11.2,GDDR5,28nm,4.31b,PCIe3.0,6pin(x2),$270 ,2012
AMD,Radeon HD 7950,HD 7950,HD 7950,800,Tahiti,3072,384,2867200,240000,DX11.2,GDDR5,28nm,4.31b,PCIe3.0,6pin(x2),$499 ,2012
AMD,Radeon HD 7950 Boost,HD 7950 Boost,HD 7950 Boost,850-925,Tahiti,3072,384,3315200,240000,DX11.2,GDDR5,23nm,4.31b,PCIe3.0,6pin(x2),$449 ,2012
AMD,Radeon HD 7970,HD 7970,HD 7970,925,Tahiti,3072,384,3788800,264000,DX11.2,GDDR5,28nm,4.31b,PCIe3.0,6+8pin,$549 ,2011
AMD,Radeon HD 7970 GHz Ed.,HD 7970 GHz Ed.,HD 7970 GHz Ed.,1000-1050,Tahiti,3072,384,4096000,288000,DX11.2,GDDR5,28nm,4.31b,PCIe3.0,6+8pin,$499 ,2012
AMD,Radeon HD 7990,HD 7990,HD 7990,900,Tahiti,3072,384(x2),4096000(x2),288000(x2),DX11.2,GDDR5,28nm,4.31b(x2),PCIe3.0,8pin(x3),$999 ,2013
AMD,Radeon HD 7990,HD 7990,HD 7990,1000,Tahiti,3072,384(x2),4096000(x2),288000(x2),DX11.2,GDDR5,28nm,4.31b(x2),PCIe3.0,8pin(x3),$999 ,2013
AMD,Radeon R7 240,R7 240,R7 240,730-780,Oland,2048,128,499200,73600,DX12,"DDR3,GDDR5",28nm,1.04b,PCIe3.0,no,$69 ,2013
AMD,Radeon R7 250,R7 250,R7 250,1000-1050,Oland,1024,128,806400,73600,DX12,"DDR3,GDDR5",28nm,1.04b,PCIe3.0,no,$89 ,2013
AMD,Radeon R7 250,R7 250,R7 250,1000-1050,Oland,2048,128,806400,73600,DX12,"DDR3,GDDR5",28nm,1.04b,PCIe3.0,no,$89 ,2013
AMD,Radeon R7 250E,R7 250E,R7 250E,800,Cape Verde,1024,128,819200,72000,DX12,GDDR5,28nm,1.5b,PCIe3.0,no,$109 ,2013
AMD,Radeon R7 250E,R7 250E,R7 250E,800,Cape Verde,2048,128,819200,72000,DX12,GDDR5,28nm,1.5b,PCIe3.0,no,$109 ,2013
AMD,Radeon R7 250X,R7 250X,R7 250X,1000,Cape Verde,1024,128,1280000,72000,DX12,GDDR5,28nm,1.5b,PCIe3.0,6pin,$99 ,2014
AMD,Radeon R7 250X,R7 250X,R7 250X,1000,Cape Verde,2048,128,1280000,72000,DX12,GDDR5,28nm,1.5b,PCIe3.0,6pin,$99 ,2014
AMD,Radeon R7 260,R7 260,R7 260,1000,Bonaire,1024,128,1536000,96000,DX12,GDDR5,28nm,2.08b,PCIe3.0,6pin,$109 ,2013
AMD,Radeon R7 260,R7 260,R7 260,1000,Bonaire,2048,128,1536000,96000,DX12,GDDR5,28nm,2.08b,PCIe3.0,6pin,$109 ,2013
AMD,Radeon R7 260X,R7 260X,R7 260X,1100,Bonaire,2048,128,1971200,104000,DX12,GDDR5,28nm,2.08b,PCIe3.0,6pin,$139 ,2013
AMD,Radeon R7 265,R7 265,R7 265,900-925,Pitcairn,2048,256,1894400,179200,DX12,GDDR5,28nm,2.8b,PCIe3.0,6pin,$149 ,2014
AMD,Radeon R9 270,R9 270,R9 270,900-925,Pitcairn,2048,256,2368000,179200,DX12,GDDR5,28nm,2.8b,PCIe3.0,6pin,$179 ,2013
AMD,Radeon R9 270X,R9 270X,R9 270X,1000-1050,Pitcairn,2048,256,2688000,179200,DX12,GDDR5,28nm,2.8b,PCIe3.0,6pin(x2),$199 ,2013
AMD,Radeon R9 270X,R9 270X,R9 270X,1000-1050,Pitcairn,4096,256,2688000,179200,DX12,GDDR5,28nm,2.8b,PCIe3.0,6pin(x2),$199 ,2013
AMD,Radeon R9 280,R9 280,R9 280,827-933,Tahiti,3072,384,3343360,240000,DX12,GDDR5,28nm,4.31b,PCIe3.0,6+8pin,$249 ,2014
AMD,Radeon R9 280X,R9 280X,R9 280X,850-1000,Tahiti,3072,384,4096000,288000,DX12,GDDR5,28nm,4.31b,PCIe3.0,6+8pin,$299 ,2013
AMD,Radeon R9 285,R9 285,R9 285,918,Tonga,2048,256,3290112,176000,DX12,GDDR5,28nm,5.0b,PCIe3.0,6pin(x2),$249 ,2014
AMD,Radeon R9 290,R9 290,R9 290,947,Hawaii,4096,512,4848640,320000,DX12,GDDR5,28nm,6.2b,PCIe3.0,6+8pin,$399 ,2013
AMD,Radeon R9 290X,R9 290X,R9 290X,1000,Hawaii,4096,512,5632000,320000,DX12,GDDR5,28nm,6.2b,PCIe3.0,6+8pin,$549 ,2013
AMD,Radeon R9 290X,R9 290X,R9 290X,1000,Hawaii,8192,512,5632000,320000,DX12,GDDR5,28nm,6.2b,PCIe3.0,6+8pin,$549 ,2013
AMD,Radeon R9 295X2,R9 295X2,R9 295X2,1018,Vesuvius,4096,512(x2),5632000(x2),320000(x2),DX12,GDDR5,28nm,6.2b(x2),PCIe3.0,8pin(x2),"$1,499 ",2014
AMD,Radeon R7 360,R7 360,R7 360,1050,Bonaire,2048,128,1612800,104000,DX12,GDDR5,28nm,2.08b,PCIe3.0,6pin,$109 ,2015
AMD,Radeon R7 370,R7 370,R7 370,975,Trinidad,2048,256,1996800,179200,DX12,GDDR5,28nm,2.8b,PCIe3.0,6pin,$149 ,2015
AMD,Radeon R7 370,R7 370,R7 370,975,Trinidad,4096,256,1996800,179200,DX12,GDDR5,28nm,2.8b,PCIe3.0,6pin,$149 ,2015
AMD,Radeon R9 380,R9 380,R9 380,970,Antigua,2048,256,3476480,182400,DX12,GDDR5,28nm,5.0b,PCIe3.0,6pin(x2),$199 ,2015
AMD,Radeon R9 380,R9 380,R9 380,970,Antigua,4096,256,3476480,182400,DX12,GDDR5,28nm,5.0b,PCIe3.0,6pin(x2),$199 ,2015
AMD,Radeon R9 380X,R9 380X,R9 380X,970,Antigua,4096,256,3973120,182400,DX12,GDDR5,28nm,5.0b,PCIe3.0,6pin(x2),$229 ,2015
AMD,Radeon R9 390,R9 390,R9 390,1000,Grenada,8192,512,5120000,384000,DX12,GDDR5,28nm,6.2b,PCIe3.0,6+8pin,$329 ,2015
AMD,Radeon R9 390X,R9 390X,R9 390X,1050,Grenada,8192,512,5913600,384000,DX12,GDDR5,28nm,6.2b,PCIe3.0,6+8pin,$429 ,2015
AMD,Radeon R9 Fury,R9 Fury,R9 Fury,1000,Fiji,4096,4096,7168000,512000,DX12,HBM,28nm,8.9b,PCIe3.0,8pin(x2),$549 ,2015
AMD,Radeon R9 Fury X,R9 Fury X,R9 Fury X,1050,Fiji,4096,4096,8601600,512000,DX12,HBM,28nm,8.9b,PCIe3.0,8pin(x2),$649 ,2015
AMD,Radeon R9 Nano,R9 Nano,R9 Nano,1000,Fiji,4096,4096,8192000,512000,DX12,HBM,28nm,8.9b,PCIe3.0,8pin,$649 ,2015
AMD,Radeon Pro Duo,Pro Duo,Pro Duo,1000,Fiji,4096,4096(x2),8192000(x2),512000(x2),DX12,HBM,28nm,8.9b(x2),PCIe3.0,8pin(x3),"$1,499 ",2016
AMD,Radeon RX 460,RX 460,RX 460,1090-1200,Baffin,2048,128,2150400,112000,DX12U,GDDR5,14nm,3.0b,PCIe3.0,no,$109 ,2016
AMD,Radeon RX 460,RX 460,RX 460,1090-1200,Baffin,4096,128,2150400,112000,DX12U,GDDR5,14nm,3.0b,PCIe3.0,no,$109 ,2016
AMD,Radeon RX 470,RX 470,RX 470,926-1206,Ellesmere,4096,256,4940000,211200,DX12U,GDDR5,14nm,5.7b,PCIe3.0,6pin,$179 ,2016
AMD,Radeon RX 470,RX 470,RX 470,926-1206,Ellesmere,8192,256,4940000,211200,DX12U,GDDR5,14nm,5.7b,PCIe3.0,6pin,$179 ,2016
AMD,Radeon RX 480,RX 480,RX 480,1120-1266,Ellesmere,4096,256,5834000,256000,DX12U,GDDR5,14nm,5.7b,PCIe3.0,6pin,$199 ,2016
AMD,Radeon RX 480,RX 480,RX 480,1120-1266,Ellesmere,8192,256,5834000,256000,DX12U,GDDR5,14nm,5.7b,PCIe3.0,6pin,$199 ,2016
AMD,Radeon RX 540,RX 540,RX 540,1124-1219,Lexa,2048,128,1248000,96000,DX12U,GDDR5,14nm,2.2b,PCIe3.0,no,OEM,2017
AMD,Radeon RX 540,RX 540,RX 540,1124-1219,Lexa,4096,128,1248000,96000,DX12U,GDDR5,14nm,2.2b,PCIe3.0,no,OEM,2017
AMD,Radeon RX 550,RX 550,RX 550,1100-1183,Lexa,2048,128,1211000,112000,DX12U,GDDR5,14nm,2.2b,PCIe3.0,no,$79 ,2017
AMD,Radeon RX 550,RX 550,RX 550,1100-1183,Lexa,4096,128,1211000,112000,DX12U,GDDR5,14nm,2.2b,PCIe3.0,no,$79 ,2017
AMD,Radeon RX 560,RX 560,RX 560,1175-1275,Baffin,2048,128,2611000,112000,DX12U,GDDR5,14nm,3.0b,PCIe3.0,no,$99 ,2017
AMD,Radeon RX 560,RX 560,RX 560,1175-1275,Baffin,4096,128,2611000,112000,DX12U,GDDR5,14nm,3.0b,PCIe3.0,no,$99 ,2017
AMD,Radeon RX 570,RX 570,RX 570,1168-1244,Ellesmere,4096,256,5095000,224000,DX12U,GDDR5,14nm,5.7b,PCIe3.0,6pin,$169 ,2017
AMD,Radeon RX 570,RX 570,RX 570,1168-1244,Ellesmere,8192,256,5095000,224000,DX12U,GDDR5,14nm,5.7b,PCIe3.0,6pin,$169 ,2017
AMD,Radeon RX 580,RX 580,RX 580,1257-1340,Ellesmere,4096,256,6175000,256000,DX12U,GDDR5,14nm,5.7b,PCIe3.0,8pin,$199 ,2017
AMD,Radeon RX 580,RX 580,RX 580,1257-1340,Ellesmere,8192,256,6175000,256000,DX12U,GDDR5,14nm,5.7b,PCIe3.0,8pin,$199 ,2017
AMD,Radeon RX 590,RX 590,RX 590,1469-1545,Polaris 30,8192,256,7120000,256000,DX12U,GDDR5,12nm,5.7b,PCIe3.0,8pin,$279 ,2018
AMD,Radeon RX Vega 56,RX Vega 56,RX Vega 56,1156-1471,Vega 10,8192,2048,10544000,410000,DX12U,HBM2,14nm,12.5b,PCIe3.0,8pin(x2),$399 ,2017
AMD,Radeon RX Vega 64,RX Vega 64,RX Vega 64,1247-1546,Vega 10,8192,2048,12665000,484000,DX12U,HBM2,14nm,12.5b,PCIe3.0,8pin(x2),$499 ,2017
AMD,Radeon VII,VII,VII,1400-1750,Vega 20,16384,4096,13440000,1024000,DX12U,HBM2,7nm,13.2b,PCIe3.0,8pin(x2),$699 ,2019
AMD,Radeon RX 5300,RX 5300,RX 5300,1448-1645,Navi 14,3072,96,4608000,168000,DX12U,GDDR6,7nm,6.4b,PCIe4.0,8pin,OEM,2020
AMD,Radeon RX 5500,RX 5500,RX 5500,1506-1845,Navi 14,4096,128,5190000,224000,DX12U,GDDR6,7nm,6.4b,PCIe4.0,8pin,OEM,2019
AMD,Radeon RX 5500,RX 5500,RX 5500,1506-1845,Navi 14,8192,128,5190000,224000,DX12U,GDDR6,7nm,6.4b,PCIe4.0,8pin,OEM,2019
AMD,Radeon RX 5500 XT,RX 5500 XT,RX 5500 XT,1607-1845,Navi 14,4096,128,5196000,224000,DX12U,GDDR6,7nm,6.4b,PCIe4.0,8pin,$169 ,2019
AMD,Radeon RX 5500 XT,RX 5500 XT,RX 5500 XT,1607-1845,Navi 14,8192,128,5196000,224000,DX12U,GDDR6,7nm,6.4b,PCIe4.0,8pin,$169 ,2019
AMD,Radeon RX 5600,RX 5600,RX 5600,1375-1560,Navi 10,6144,192,6390000,288000,DX12U,GDDR6,7nm,10.3b,PCIe4.0,8pin,OEM,2020
AMD,Radeon RX 5600 XT,RX 5600 XT,RX 5600 XT,1130-1560,Navi 10,6144,192,7188000,288000,DX12U,GDDR6,7nm,10.3b,PCIe4.0,8pin,$279 ,2020
AMD,Radeon RX 5700,RX 5700,RX 5700,1465-1725,Navi 10,8192,256,7949000,448000,DX12U,GDDR6,7nm,10.3b,PCIe4.0,6+8pin,$349 ,2019
AMD,Radeon RX 5700 XT,RX 5700 XT,RX 5700 XT,1605-1905,Navi 10,8192,256,9754000,448000,DX12U,GDDR6,7nm,10.3b,PCIe4.0,6+8pin,$399 ,2019
AMD,Radeon RX 5700 XT 50th Anniv.,RX 5700 XT 50th Anniv.,RX 5700 XT 50th Anniv.,1680-1980,Navi 10,8192,256,10140000,448000,DX12U,GDDR6,7nm,10.3b,PCIe4.0,6+8pin,$449 ,2019
AMD,Radeon RX 6400,RX 6400,RX 6400,1923-2321,Navi 24,4096,64,3565000,128000,DX12U,GDDR6,6nm,5.4b,PCIe4.0,no,$159 ,2022
AMD,Radeon RX 6500 XT,RX 6500 XT,RX 6500 XT,2200-2815,Navi 24,4096,64,5765000,144000,DX12U,GDDR6,6nm,5.4b,PCIe4.0,6pin,$199 ,2022
AMD,Radeon RX 6500 XT,RX 6500 XT,RX 6500 XT,2200-2815,Navi 24,8192,64,5765000,144000,DX12U,GDDR6,6nm,5.4b,PCIe4.0,6pin,$199 ,2022
AMD,Radeon RX 6600,RX 6600,RX 6600,1626-2491,Navi 23,8192,128,8928000,224000,DX12U,GDDR6,7nm,11.06b,PCIe4.0,8pin,$329 ,2021
AMD,Radeon RX 6600 XT,RX 6600 XT,RX 6600 XT,1968-2589,Navi 23,8192,128,10600000,256000,DX12U,GDDR6,7nm,11.06b,PCIe4.0,8pin,$379 ,2021
AMD,Radeon RX 6650 XT,RX 6650 XT,RX 6650 XT,2055-2635,Navi 23,8192,128,10790000,280000,DX12U,GDDR6,7nm,11.06b,PCIe4.0,8pin,$399 ,2022
AMD,Radeon RX 6700,RX 6700,RX 6700,1941-2450,Navi 22,10240,160,11290000,320000,DX12U,GDDR6,7nm,17.2b,PCIe4.0,8pin,$300 ,2021
AMD,Radeon RX 6700 XT,RX 6700 XT,RX 6700 XT,2321-2581,Navi 22,12288,192,13210000,384000,DX12U,GDDR6,7nm,17.2b,PCIe4.0,6+8pin,$479 ,2021
AMD,Radeon RX 6750 XT,RX 6750 XT,RX 6750 XT,2150-2600,Navi 22,12288,192,13310000,432000,DX12U,GDDR6,7nm,17.2b,PCIe4.0,6+8pin,$549 ,2022
AMD,Radeon RX 6800,RX 6800,RX 6800,1700-2105,Navi 21,16384,256,16170000,512000,DX12U,GDDR6,7nm,26.8b,PCIe4.0,8pin(x2),$579 ,2020
AMD,Radeon RX 6800 XT,RX 6800 XT,RX 6800 XT,1825-2250,Navi 21,16384,256,18600000,512000,DX12U,GDDR6,7nm,26.8b,PCIe4.0,8pin(x2),$649 ,2020
AMD,Radeon RX 6900 XT,RX 6900 XT,RX 6900 XT,1825-2250,Navi 21,16384,256,23040000,512000,DX12U,GDDR6,7nm,26.8b,PCIe4.0,8pin(x2),$999 ,2020
AMD,Radeon RX 6950 XT,RX 6950 XT,RX 6950 XT,1890-2310,Navi 21,16384,256,23650000,576000,DX12U,GDDR6,7nm,26.8b,PCIe4.0,8pin(x2),"$1,099 ",2022
AMD,Radeon RX 7600,RX 7600,RX 7600,1720-2655,Navi 33,8192,128,21750000,288000,DX12U,GDDR6,6nm,13.3b,PCIe4.0,8pin,$269 ,2023
AMD,Radeon RX 7600 XT,RX 7600 XT,RX 7600 XT,1720-2755,Navi 33,16384,128,22570000,288000,DX12U,GDDR6,6nm,13.3b,PCIe4.0,8pin(x2),$329 ,2024
AMD,Radeon RX 7700 XT,RX 7700 XT,RX 7700 XT,1708-2544,Navi 32,12288,192,35170000,432000,DX12U,GDDR6,5nm,28.1b,PCIe4.0,8pin(x2),$449 ,2023
AMD,Radeon RX 7800 XT,RX 7800 XT,RX 7800 XT,1295-2430,Navi 32,16384,256,37320000,624000,DX12U,GDDR6,5nm,28.1b,PCIe4.0,8pin(x2),$499 ,2023
AMD,Radeon RX 7900 GRE,RX 7900 GRE,RX 7900 GRE,1270-2245,Navi 31,16384,256,45980000,576000,DX12U,GDDR6,5nm,57.7b,PCIe4.0,8pin(x2),$549 ,2023
AMD,Radeon RX 7900 XT,RX 7900 XT,RX 7900 XT,1385-2395,Navi 31,20480,320,51610000,800000,DX12U,GDDR6,5nm,57.7b,PCIe4.0,8pin(x2),$899 ,2022
AMD,Radeon RX 7900 XTX,RX 7900 XTX,RX 7900 XTX,1855-2495,Navi 31,24576,384,61390000,960000,DX12U,GDDR6,5nm,57.7b,PCIe4.0,8pin(x2),$999 ,2022
AMD,Radeon RX 8800 XT,RX 8800 XT,RX 8800 XT,1880-2500,Navi 48,16384,256,40960000,640000,DX12U,GDDR6,4nm,,PCIe5.0,8pin(x2),$499 ,2025
NVIDIA,GeForce 256,256,256,120,NV10,32,128,,480,DX7,"SDR,DDR",180nm,23m,AGP4X,no,Enthusiast,1999
NVIDIA,GeForce2 MX,MX,2 MX,175,NV11,32,128,,700,DX7,"SDR,DDR",180nm,20m,AGP4X,no,Mainstream,2000
NVIDIA,GeForce2 MX 200,MX 200,2 MX 200,175,NV11,32,64,,700,DX7,SDR,180nm,20m,AGP4X,no,Budget,2001
NVIDIA,GeForce2 MX 400,MX 400,2 MX 400,200,NV11,32,128,,800,DX7,"SDR,DDR",180nm,20m,AGP4X,no,Mainstream,2001
NVIDIA,GeForce2 MX 400,MX 400,2 MX 400,200,NV11,64,128,,800,DX7,"SDR,DDR",180nm,20m,AGP4X,no,Mainstream,2001
NVIDIA,GeForce2 GTS,GTS,2 GTS,200,NV15,32,128,,1600,DX7,DDR,180nm,25m,AGP4X,no,Enthusiast,2000
NVIDIA,GeForce2 GTS,GTS,2 GTS,200,NV15,64,128,,1600,DX7,DDR,180nm,25m,AGP4X,no,Enthusiast,2000
NVIDIA,GeForce2 Pro,Pro,2 Pro,200,NV15,64,128,,1600,DX7,DDR,180nm,25m,AGP4X,no,Enthusiast,2000
NVIDIA,GeForce2 Ti,Ti,2 Ti,250,NV15,64,128,,2000,DX7,DDR,180nm,25m,AGP4X,no,Highend,2001
NVIDIA,GeForce2 Ultra,Ultra,2 Ultra,250,NV16,64,128,,2000,DX7,DDR,180nm,25m,AGP4X,no,Enthusiast,2000
NVIDIA,GeForce3,3,3,200,NV20,64,128,,3200,DX8,DDR,150nm,57m,AGP4X,no,Enthusiast,2001
NVIDIA,GeForce3 Ti 200,3 Ti 200,3 Ti 200,175,NV20,64,128,,2800,DX8,DDR,150nm,57m,AGP4X,no,Highend,2001
NVIDIA,GeForce3 Ti 200,3 Ti 200,3 Ti 200,175,NV20,128,128,,2800,DX8,DDR,150nm,57m,AGP4X,no,Highend,2001
NVIDIA,GeForce3 Ti 500,3 Ti 500,3 Ti 500,240,NV20,64,128,,3840,DX8,DDR,150nm,57m,AGP4X,no,Enthusiast,2001
NVIDIA,GeForce4 MX 420,MX 420,4 MX 420,250,NV17,64,128,,1000,DX7,SDR,150nm,27m,AGP4X,no,Budget,2002
NVIDIA,GeForce4 MX 440,MX 440,4 MX 440,270,NV17,64,128,,1100,DX7,DDR,150nm,27m,AGP4X,no,Upper Budget,2002
NVIDIA,GeForce4 MX 440-8x,MX 440-8x,4 MX 440-8x,275,NV18,64,128,,1100,DX7,DDR,150nm,27m,AGP8X,no,Upper Budget,2002
NVIDIA,GeForce4 MX 440SE,MX 440SE,4 MX 440SE,250,NV18,64,64,,1000,DX7,DDR,150nm,27m,AGP4X,no,Budget,2002
NVIDIA,GeForce4 MX 440SE,MX 440SE,4 MX 440SE,250,NV18,128,128,,1000,DX7,DDR,150nm,27m,AGP4X,no,Budget,2002
NVIDIA,GeForce4 MX 460,MX 460,4 MX 460,300,NV17,64,128,,1200,DX7,DDR,150nm,27m,AGP4X,no,Mainstream,2002
NVIDIA,GeForce4 Ti 4200,Ti 4200,4 Ti 4200,250,NV25,64,128,,4000,DX8,DDR,150nm,63m,AGP4X,no,$179 ,2002
NVIDIA,GeForce4 Ti 4200,Ti 4200,4 Ti 4200,250,NV25,128,128,,4000,DX8,DDR,150nm,63m,AGP4X,no,$179 ,2002
NVIDIA,GeForce4 Ti 4200-8x,Ti 4200-8x,4 Ti 4200-8x,250,NV28,128,128,,4000,DX8,DDR,150nm,63m,AGP8X,no,$149 ,2002
NVIDIA,GeForce4 Ti 4400,Ti 4400,4 Ti 4400,275,NV25,128,128,,4400,DX8,DDR,150nm,63m,AGP4X,no,$299 ,2002
NVIDIA,GeForce4 Ti 4600,Ti 4600,4 Ti 4600,300,NV25,128,128,,4800,DX8,DDR,150nm,63m,AGP4X,no,$399 ,2002
NVIDIA,GeForce4 Ti 4800,Ti 4800,4 Ti 4800,300,NV28,128,128,,4800,DX8,DDR,150nm,63m,AGP8X,no,Enthusiast,2003
NVIDIA,GeForce4 Ti 4800SE,Ti 4800SE,4 Ti 4800SE,275,NV28,128,128,,4400,DX8,DDR,150nm,63m,AGP8X,no,Highend,2003
NVIDIA,GeForce FX 5200,5200,FX 5200,250,NV34,64,64,1000,6400,DX9,DDR,150nm,45m,"AGP8X,PCI",no,Budget,2003
NVIDIA,GeForce FX 5200,5200,FX 5200,250,NV34,128,128,1000,6400,DX9,DDR,150nm,45m,"AGP8X,PCI",no,Budget,2003
NVIDIA,GeForce FX 5200 Ultra,5200 Ultra,FX 5200 Ultra,325,NV34,128,128,1300,10400,DX9,DDR,150nm,45m,AGP8X,no,Upper Budget,2003
NVIDIA,GeForce FX 5500,5500,FX 5500,270,NV34,128,128,1080,6400,DX9,DDR,150nm,45m,"AGP8X,PCI",no,Budget,2004
NVIDIA,GeForce FX 5500,5500,FX 5500,270,NV34,256,128,1080,6400,DX9,DDR,150nm,45m,"AGP8X,PCI",no,Budget,2004
NVIDIA,GeForce FX 5600,5600,FX 5600,325,NV31,128,128,1300,12800,DX9,DDR,130nm,80m,AGP8X,no,Mainstream,2003
NVIDIA,GeForce FX 5600,5600,FX 5600,325,NV31,256,128,1300,12800,DX9,DDR,130nm,80m,AGP8X,no,Mainstream,2003
NVIDIA,GeForce FX 5600 XT,5600 XT,FX 5600 XT,235,NV31,128,128,940,6400,DX9,DDR,130nm,80m,AGP8X,no,Mainstream,2003
NVIDIA,GeForce FX 5600 XT,5600 XT,FX 5600 XT,235,NV31,256,128,940,6400,DX9,DDR,130nm,80m,AGP8X,no,Mainstream,2003
NVIDIA,GeForce FX 5600 Ultra,5600 Ultra,FX 5600 Ultra,350,NV31,128,128,1400,11200,DX9,DDR,130nm,80m,AGP8X,no,Upper Mainstream,2003
NVIDIA,GeForce FX 5600 Ultra,5600 Ultra,FX 5600 Ultra,400,NV31,128,128,1600,12800,DX9,DDR,130nm,80m,AGP8X,no,Upper Mainstream,2003
NVIDIA,GeForce FX 5700,5700,FX 5700,425,NV36,128,128,1700,8000,DX9,DDR,130nm,82m,AGP8X,no,Mainstream,2003
NVIDIA,GeForce FX 5700,5700,FX 5700,425,NV36,256,128,1700,8000,DX9,DDR,130nm,82m,AGP8X,no,Mainstream,2003
NVIDIA,GeForce FX 5700LE,5700LE,FX 5700LE,250,NV36,128,128,1000,6400,DX9,DDR,130nm,82m,AGP8X,no,Mainstream,2004
NVIDIA,GeForce FX 5700LE,5700LE,FX 5700LE,250,NV36,256,128,1000,6400,DX9,DDR,130nm,82m,AGP8X,no,Mainstream,2004
NVIDIA,GeForce FX 5700 Ultra,5700 Ultra,FX 5700 Ultra,475,NV36,128,128,1900,14400,DX9,GDDR2,130nm,82m,AGP8X,4pin,Upper Mainstream,2003
NVIDIA,GeForce FX 5700 Ultra,5700 Ultra,FX 5700 Ultra,475,NV36,256,128,1900,14400,DX9,GDDR2,130nm,82m,AGP8X,4pin,Upper Mainstream,2003
NVIDIA,GeForce FX 5800,5800,FX 5800,400,NV30,128,128,1600,12800,DX9,GDDR2,130nm,125m,AGP8X,4pin,Enthusiast,2003
NVIDIA,GeForce FX 5800 Ultra,5800 Ultra,FX 5800 Ultra,500,NV30,128,128,2000,16000,DX9,GDDR2,130nm,125m,AGP8X,4pin,Enthusiast,2003
NVIDIA,GeForce FX 5900,5900,FX 5900,400,NV35,128,256,3200,27200,DX9,DDR,130nm,135m,AGP8X,4pin,Enthusiast,2003
NVIDIA,GeForce FX 5900XT,5900XT,FX 5900XT,390,NV35,128,256,3120,22400,DX9,DDR,130nm,135m,AGP8X,4pin,Highend,2003
NVIDIA,GeForce FX 5900 Ultra,5900 Ultra,FX 5900 Ultra,450,NV35,256,256,3600,27200,DX9,DDR,130nm,135m,AGP8X,4pin,Enthusiast,2003
NVIDIA,GeForce FX 5950 Ultra,5950 Ultra,FX 5950 Ultra,475,NV38,256,256,3800,30400,DX9,DDR,130nm,135m,AGP8X,4pin,Enthusiast,2003
NVIDIA,GeForce PCX 5300,PCX 5300,PCX 5300,250,NV34,128,128,1000,5120,DX9,DDR,150nm,45m,PCIe16X,no,Budget,2004
NVIDIA,GeForce PCX 5750,PCX 5750,PCX 5750,425,NV36,128,128,1700,8000,DX9,DDR,130nm,82m,PCIe16X,no,Mainstream,2004
NVIDIA,GeForce PCX 5900,PCX 5900,PCX 5900,350,NV35,128,256,2800,17600,DX9,DDR,130nm,135m,PCIe16X,no,Highend,2004
NVIDIA,GeForce 6200,6200,6200,300,NV43,128,64,2400,4000,DX9c,DDR,110nm,143m,"PCIe16X,AGP8X",no,Budget,2004
NVIDIA,GeForce 6200,6200,6200,300,NV43,256,128,2400,4000,DX9c,DDR,110nm,143m,"PCIe16X,AGP8X",no,Budget,2004
NVIDIA,GeForce 6200TC,6200TC,6200TC,350,NV44,16,32,1400,5600,DX9c,DDR,110nm,75m,PCIe16X,no,Budget,2004
NVIDIA,GeForce 6200TC,6200TC,6200TC,350,NV44,32,64,1400,5600,DX9c,DDR,110nm,75m,PCIe16X,no,Budget,2004
NVIDIA,GeForce 6200TC,6200TC,6200TC,350,NV44,64,64,1400,5600,DX9c,DDR,110nm,75m,PCIe16X,no,Budget,2004
NVIDIA,GeForce 6500,6500,6500,400,NV44,128,64,1600,5600,DX9c,DDR,110nm,75m,PCIe16X,no,Budget,2005
NVIDIA,GeForce 6500,6500,6500,400,NV44,256,64,1600,5600,DX9c,DDR,110nm,75m,PCIe16X,no,Budget,2005
NVIDIA,GeForce 6600,6600,6600,300,NV43,128,128,4800,8000,DX9c,DDR,110nm,143m,"PCIe16X,AGP8X",no,Mainstream,2004
NVIDIA,GeForce 6600,6600,6600,300,NV43,256,128,4800,8000,DX9c,DDR,110nm,143m,"PCIe16X,AGP8X",no,Mainstream,2004
NVIDIA,GeForce 6600GT,6600GT,6600GT,500,NV43,128,128,8000,16000,DX9c,GDDR3,110nm,143m,"PCIe16X,AGP8X",either,$199 ,2004
NVIDIA,GeForce 6600GT,6600GT,6600GT,500,NV43,256,128,8000,16000,DX9c,GDDR3,110nm,143m,"PCIe16X,AGP8X",either,$199 ,2004
NVIDIA,GeForce 6800,6800,6800,325,NV40,128,256,15600,22400,DX9c,DDR,130nm,222m,AGP8X,4pin,Highend,2004
NVIDIA,GeForce 6800,6800,6800,325,NV41,256,256,15600,22400,DX9c,DDR,130nm,222m,PCIe16X,6pin,Highend,2004
NVIDIA,GeForce 6800GS,6800GS,6800GS,425,NV42,256,256,20400,32000,DX9c,GDDR3,110nm,202m,PCIe16X,6pin,$249 ,2005
NVIDIA,GeForce 6800GT,6800GT,6800GT,350,NV40,256,256,22400,32000,DX9c,GDDR3,130nm,222m,"PCIe16X,AGP8X",either,$399 ,2004
NVIDIA,GeForce 6800 Ultra,6800 Ultra,6800 Ultra,400,NV40,256,256,25600,35200,DX9c,GDDR3,130nm,222m,"PCIe16X,AGP8X",either,$499 ,2004
NVIDIA,GeForce 6800 Ultra,6800 Ultra,6800 Ultra,400,NV40,512,256,25600,35200,DX9c,GDDR3,130nm,222m,"PCIe16X,AGP8X",either,$499 ,2004
NVIDIA,GeForce 7100GS,7100GS,7100GS,350,NV44,128,64,1400,5312,DX9c,DDR2,110nm,75m,PCIe16X,no,Budget,2006
NVIDIA,GeForce 7200GS,7200GS,7200GS,450,G72,128,64,1800,6400,DX9c,DDR2,90nm,112m,PCIe16X,no,Budget,2006
NVIDIA,GeForce 7200GS,7200GS,7200GS,450,G72,256,64,1800,6400,DX9c,DDR2,90nm,112m,PCIe16X,no,Budget,2006
NVIDIA,GeForce 7300LE,7300LE,7300LE,450,G72,128,64,3600,5200,DX9c,DDR2,90nm,112m,PCIe16X,no,Budget,2006
NVIDIA,GeForce 7300LE,7300LE,7300LE,450,G72,256,64,3600,5200,DX9c,DDR2,90nm,112m,PCIe16X,no,Budget,2006
NVIDIA,GeForce 7300GS,7300GS,7300GS,550,G72,128,64,4400,6500,DX9c,DDR2,90nm,112m,PCIe16X,no,Budget,2006
NVIDIA,GeForce 7300GS,7300GS,7300GS,550,G72,256,64,4400,6500,DX9c,DDR2,90nm,112m,PCIe16X,no,Budget,2006
NVIDIA,GeForce 7300GT,7300GT,7300GT,350,G73,256,128,5600,10700,DX9c,"DDR2,GDDR3",90nm,178m,"PCIe16X,AGP8X",no,Lower Mainstream,2006
NVIDIA,GeForce 7300GT,7300GT,7300GT,350,G73,512,128,5600,10700,DX9c,"DDR2,GDDR3",90nm,178m,"PCIe16X,AGP8X",no,Lower Mainstream,2006
NVIDIA,GeForce 7600GS,7600GS,7600GS,400,G73,256,128,9600,12800,DX9c,DDR2,90nm,178m,"PCIe16X,AGP8X",either,Mainstream,2006
NVIDIA,GeForce 7600GS,7600GS,7600GS,400,G73,512,128,9600,12800,DX9c,DDR2,90nm,178m,"PCIe16X,AGP8X",either,Mainstream,2006
NVIDIA,GeForce 7600GT,7600GT,7600GT,560,G73,256,128,13440,22400,DX9c,GDDR3,90nm,178m,"PCIe16X,AGP8X",either,$199 ,2006
NVIDIA,GeForce 7800GS,7800GS,7800GS,375,G70,256,256,15000,38400,DX9c,GDDR3,110nm,302m,AGP8X,4pin,$299 ,2006
NVIDIA,GeForce 7800GT,7800GT,7800GT,400,G70,256,256,16000,32000,DX9c,GDDR3,110nm,302m,PCIe16X,6pin,$449 ,2005
NVIDIA,GeForce 7800GTX,7800GTX,7800GTX,430,G70,256,256,20640,38400,DX9c,GDDR3,110nm,302m,PCIe16X,6pin,$599 ,2005
NVIDIA,GeForce 7800GTX,7800GTX,7800GTX,430,G70,512,256,20640,38400,DX9c,GDDR3,110nm,302m,PCIe16X,6pin,$599 ,2005
NVIDIA,GeForce 7900GS,7900GS,7900GS,450,G71,256,256,18000,42200,DX9c,GDDR3,90nm,278m,PCIe16X,6pin,Highend,2006
NVIDIA,GeForce 7900GT,7900GT,7900GT,450,G71,256,256,21600,42200,DX9c,GDDR3,90nm,278m,PCIe16X,6pin,$299 ,2006
NVIDIA,GeForce 7900GT,7900GT,7900GT,450,G71,512,256,21600,42200,DX9c,GDDR3,90nm,278m,PCIe16X,6pin,$299 ,2006
NVIDIA,GeForce 7900GTX,7900GTX,7900GTX,650,G71,512,256,31200,51200,DX9c,GDDR3,90nm,278m,PCIe16X,6pin,$499 ,2006
NVIDIA,GeForce 7900 GTO,7900 GTO,7900 GTO,650,G71,512,256,31200,42200,DX9c,GDDR3,90nm,278m,PCIe16X,6pin,Enthusiast,2006
NVIDIA,GeForce 7900GX2,7900GX2,7900GX2,500,G71,512,256(x2),24000(x2),38400(x2),DX9c,GDDR3,90nm,278m(x2),PCIe16X,6pin(x2),OEM,2006
NVIDIA,GeForce 7950GT,7950GT,7950GT,550,G71,256,256,26400,44800,DX9c,GDDR3,90nm,278m,PCIe16X,6pin,$299 ,2006
NVIDIA,GeForce 7950GT,7950GT,7950GT,550,G71,512,256,26400,44800,DX9c,GDDR3,90nm,278m,PCIe16X,6pin,$299 ,2006
NVIDIA,GeForce 7950GX2,7950GX2,7950GX2,500,G71,512,256(x2),24000(x2),38400(x2),DX9c,GDDR3,90nm,278m(x2),PCIe16X,6pin(x2),$599 ,2006
NVIDIA,GeForce 8300GS,8300GS,8300GS,450,G86,128,64,36000,6400,DX10,DDR2,80nm,210m,PCIe16X,no,OEM,2007
NVIDIA,GeForce 8300GS,8300GS,8300GS,450,G86,256,64,36000,6400,DX10,DDR2,80nm,210m,PCIe16X,no,OEM,2007
NVIDIA,GeForce 8400GS,8400GS,8400GS,450,G86,256,64,36000,6400,DX10,DDR2,80nm,210m,PCIe16X,no,,2007
NVIDIA,GeForce 8400GS,8400GS,8400GS,450,G86,512,64,36000,6400,DX10,DDR2,80nm,210m,PCIe16X,no,,2007
NVIDIA,GeForce 8500GT,8500GT,8500GT,450,G86,256,128,72000,12800,DX10,DDR2,80nm,210m,PCIe16X,no,,2007
NVIDIA,GeForce 8500GT,8500GT,8500GT,450,G86,512,128,72000,12800,DX10,DDR2,80nm,210m,PCIe16X,no,,2007
NVIDIA,GeForce 8600GS,8600GS,8600GS,540,G84,256,128,103600,12800,DX10,DDR2,80nm,289m,PCIe16X,no,OEM,2007
NVIDIA,GeForce 8600GS,8600GS,8600GS,540,G84,512,128,103600,12800,DX10,DDR2,80nm,289m,PCIe16X,no,OEM,2007
NVIDIA,GeForce 8600GT,8600GT,8600GT,540,G84,256,128,113000,22400,DX10,GDDR3,80nm,289m,PCIe16X,no,,2007
NVIDIA,GeForce 8600GT,8600GT,8600GT,540,G84,512,128,113000,22400,DX10,GDDR3,80nm,289m,PCIe16X,no,,2007
NVIDIA,GeForce 8600GTS,8600GTS,8600GTS,675,G84,256,128,139200,32000,DX10,GDDR3,80nm,289m,PCIe16X,6pin,$199 ,2007
NVIDIA,GeForce 8600GTS,8600GTS,8600GTS,675,G84,512,128,139200,32000,DX10,GDDR3,80nm,289m,PCIe16X,6pin,$199 ,2007
NVIDIA,GeForce 8800GS,8800GS,8800GS,550,G92,384,192,422400,38400,DX10,GDDR3,65nm,754m,PCIe2.0,6pin,$149 ,2008
NVIDIA,GeForce 8800GS,8800GS,8800GS,550,G92,768,192,422400,38400,DX10,GDDR3,65nm,754m,PCIe2.0,6pin,$149 ,2008
NVIDIA,GeForce 8800GT,8800GT,8800GT,600,G92,256,256,504000,57600,DX10,GDDR3,65nm,754m,PCIe2.0,6pin,$199 ,2007
NVIDIA,GeForce 8800GT,8800GT,8800GT,600,G92,512,256,504000,57600,DX10,GDDR3,65nm,754m,PCIe2.0,6pin,$199 ,2007
NVIDIA,GeForce 8800GT,8800GT,8800GT,600,G92,1024,256,504000,57600,DX10,GDDR3,65nm,754m,PCIe2.0,6pin,$199 ,2007
NVIDIA,GeForce 8800GTS,8800GTS,8800GTS,500,G80,320,320,345600,64000,DX10,GDDR3,90nm,681m,PCIe16X,6pin,$299 ,2007
NVIDIA,GeForce 8800GTS,8800GTS,8800GTS,500,G80,640,320,345600,64000,DX10,GDDR3,90nm,681m,PCIe16X,6pin,$299 ,2007
NVIDIA,GeForce 8800GTS 512,8800GTS 512,8800GTS 512,650,G92,512,256,624000,62000,DX10,GDDR3,65nm,754m,PCIe2.0,6pin,$349 ,2007
NVIDIA,GeForce 8800GTX,8800GTX,8800GTX,575,G80,768,384,518400,86400,DX10,GDDR3,90nm,681m,PCIe16X,6pin(x2),$599 ,2006
NVIDIA,GeForce 8800 Ultra,8800 Ultra,8800 Ultra,612,G80,768,384,576000,103680,DX10,GDDR3,90nm,681m,PCIe16X,6pin(x2),$829 ,2007
NVIDIA,GeForce 9300GS,9300GS,9300GS,567,G98,256,64,36000,8000,DX10,DDR2,65nm,210m,PCIe2.0,no,OEM,2008
NVIDIA,GeForce 9300GS,9300GS,9300GS,567,G98,512,64,36000,8000,DX10,DDR2,65nm,210m,PCIe2.0,no,OEM,2008
NVIDIA,GeForce 9400GT,9400GT,9400GT,550,G96,256,128,70400,12800,DX10,"DDR2,GDDR3",65nm,314m,PCIe2.0,no,,2008
NVIDIA,GeForce 9400GT,9400GT,9400GT,550,G96,512,128,70400,12800,DX10,"DDR2,GDDR3",65nm,314m,PCIe2.0,no,,2008
NVIDIA,GeForce 9500GS,9500GS,9500GS,550,G96,512,128,112800,16000,DX10,DDR2,65nm,314m,PCIe2.0,no,OEM,2008
NVIDIA,GeForce 9500GT,9500GT,9500GT,550,G96,256,128,140800,25600,DX10,GDDR3,65nm,314m,PCIe2.0,no,,2008
NVIDIA,GeForce 9500GT,9500GT,9500GT,550,G96,512,128,140800,25600,DX10,GDDR3,65nm,314m,PCIe2.0,no,,2008
NVIDIA,GeForce 9600GSO,9600GSO,9600GSO,550,G92,384,192,422400,38400,DX10,GDDR3,65nm,754m,PCIe2.0,6pin,,2008
NVIDIA,GeForce 9600GSO,9600GSO,9600GSO,550,G92,768,192,422400,38400,DX10,GDDR3,65nm,754m,PCIe2.0,6pin,,2008
NVIDIA,GeForce 9600GT,9600GT,9600GT,650,G94,512,256,416000,57600,DX10,GDDR3,65nm,505m,PCIe2.0,6pin,$169 ,2008
NVIDIA,GeForce 9600GT,9600GT,9600GT,650,G94,1024,256,416000,57600,DX10,GDDR3,65nm,505m,PCIe2.0,6pin,$169 ,2008
NVIDIA,GeForce 9800GT,9800GT,9800GT,600,G92,512,256,504000,57600,DX10,GDDR3,65nm,754m,PCIe2.0,6pin,,2008
NVIDIA,GeForce 9800GT,9800GT,9800GT,600,G92,1024,256,504000,57600,DX10,GDDR3,65nm,754m,PCIe2.0,6pin,,2008
NVIDIA,GeForce 9800GTX,9800GTX,9800GTX,675,G92,512,256,648000,70400,DX10,GDDR3,65nm,754m,PCIe2.0,6pin(x2),$299 ,2008
NVIDIA,GeForce 9800GTX+,9800GTX+,9800GTX+,738,G92b,512,256,708000,70400,DX10,GDDR3,55nm,754m,PCIe2.0,6pin(x2),$229 ,2008
NVIDIA,GeForce 9800GX2,9800GX2,9800GX2,600,G92,512,256(x2),576000(x2),64000(x2),DX10,GDDR3,65nm,754m(x2),PCIe2.0,6+8pin,$599 ,2008
NVIDIA,GeForce G 100,G 100,G 100,567,G98,512,64,36000,8000,DX10,DDR2,65nm,210m,PCIe2.0,no,OEM,2009
NVIDIA,GeForce GT 120,120,GT 120,500,G96,512,128,112000,16000,DX10,DDR2,65nm,314m,PCIe2.0,no,OEM,2009
NVIDIA,GeForce GT 130,130,GT 130,500,G92,768,192,422400,38400,DX10,GDDR3,65nm,754m,PCIe2.0,6pin,OEM,2009
NVIDIA,GeForce GTS 150,S 150,GTS 150,738,G92b,1024,256,708000,64000,DX10,GDDR3,55nm,754m,PCIe2.0,6pin,OEM,2009
NVIDIA,GeForce 210,210,210,589,GT218,512,64,69000,8000,DX10.1,"DDR2,GDDR3",40nm,260m,PCIe2.0,no,,2009
NVIDIA,GeForce 210,210,210,589,GT218,1024,64,69000,8000,DX10.1,"DDR2,GDDR3",40nm,260m,PCIe2.0,no,,2009
NVIDIA,GeForce GT 220,220,GT 220,625,GT216,512,128,192000,25600,DX10.1,"DDR2,GDDR3",40nm,486m,PCIe2.0,no,,2009
NVIDIA,GeForce GT 220,220,GT 220,625,GT216,1024,128,192000,25600,DX10.1,"DDR2,GDDR3",40nm,486m,PCIe2.0,no,,2009
NVIDIA,GeForce GT 240,240,GT 240,550,GT215,512,128,385000,54400,DX10.1,GDDR5,40nm,727m,PCIe2.0,no,,2009
NVIDIA,GeForce GT 240,240,GT 240,550,GT215,1024,128,385000,54400,DX10.1,GDDR5,40nm,727m,PCIe2.0,no,,2009
NVIDIA,GeForce GTS 240,S 240,GTS 240,675,G92b,1024,256,648000,70400,DX10,GDDR3,55nm,754m,PCIe2.0,6pin,OEM,2009
NVIDIA,GeForce GTS 250,S 250,GTS 250,738,G92b,512,256,708000,70400,DX10,GDDR3,55nm,754m,PCIe2.0,6pin,$129 ,2009
NVIDIA,GeForce GTS 250,S 250,GTS 250,738,G92b,1024,256,708000,70400,DX10,GDDR3,55nm,754m,PCIe2.0,6pin,$129 ,2009
NVIDIA,GeForce GTX 260,260,GTX 260,576,GT200,896,448,715000,111900,DX10,GDDR3,65nm,1.4b,PCIe2.0,6pin(x2),$399 ,2008
NVIDIA,GeForce GTX 260 216 Core,260 216 Core,GTX 260 216 Core,576,GT200b,896,448,874000,111900,DX10,GDDR3,55nm,1.4b,PCIe2.0,6pin(x2),$279 ,2008
NVIDIA,GeForce GTX 275,275,GTX 275,633,GT200b,896,448,1010000,127000,DX10,GDDR3,55nm,1.4b,PCIe2.0,6pin(x2),$249 ,2009
NVIDIA,GeForce GTX 275,275,GTX 275,633,GT200b,1792,448,1010000,127000,DX10,GDDR3,55nm,1.4b,PCIe2.0,6pin(x2),$249 ,2009
NVIDIA,GeForce GTX 280,280,GTX 280,602,GT200,1024,512,933000,141700,DX10,GDDR3,65nm,1.4b,PCIe2.0,6+8pin,$649 ,2008
NVIDIA,GeForce GTX 285,285,GTX 285,648,GT200b,1024,512,1062000,159000,DX10,GDDR3,55nm,1.4b,PCIe2.0,6pin(x2),$359 ,2009
NVIDIA,GeForce GTX 285,285,GTX 285,648,GT200b,2048,512,1062000,159000,DX10,GDDR3,55nm,1.4b,PCIe2.0,6pin(x2),$359 ,2009
NVIDIA,GeForce GTX 295,295,GTX 295,576,GT200b,896,448(x2),894000(x2),111900(x2),DX10,GDDR3,55nm,1.4b(x2),PCIe2.0,6+8pin,$499 ,2009
NVIDIA,GeForce GT 320,320,GT 320,540,GT215,1024,128,345000,25300,DX10.1,GDDR3,40nm,727m,PCIe2.0,no,OEM,2010
NVIDIA,GeForce GT 330,330,GT 330,500,G92b,1024,128,422400,25600,DX10,DDR2,55nm,754m,PCIe2.0,no,OEM,2010
NVIDIA,GeForce GT 330,330,GT 330,500,G92b,2048,256,422400,25600,DX10,DDR2,55nm,754m,PCIe2.0,no,OEM,2010
NVIDIA,GeForce GT 340,340,GT 340,550,GT215,512,128,385000,54400,DX10.1,GDDR5,40nm,727m,PCIe2.0,no,OEM,2010
NVIDIA,GeForce GT 420,420,GT 420,700,GF108,1024,128,134000,28800,DX11,GDDR3,40nm,585m,PCIe2.0,no,OEM,2010
NVIDIA,GeForce GT 430,430,GT 430,700,GF108,512,128,268800,28800,DX11,GDDR3,40nm,585m,PCIe2.0,no,$79 ,2010
NVIDIA,GeForce GT 430,430,GT 430,700,GF108,1024,128,268800,28800,DX11,GDDR3,40nm,585m,PCIe2.0,no,$79 ,2010
NVIDIA,GeForce GT 440,440,GT 440,810,GF108,512,128,311000,51200,DX11,GDDR5,40nm,585m,PCIe2.0,no,$100 ,2011
NVIDIA,GeForce GT 440,440,GT 440,810,GF108,1024,128,311000,51200,DX11,GDDR5,40nm,585m,PCIe2.0,no,$100 ,2011
NVIDIA,GeForce GTS 450,S 450,GTS 450,783,GF106,1024,128,601000,57700,DX11,GDDR5,40nm,1.17b,PCIe2.0,6pin,$129 ,2010
NVIDIA,GeForce GTX 460,460,GTX 460,675,GF104,768,192,907000,86400,DX11,GDDR5,40nm,1.95b,PCIe2.0,6pin(x2),$199 ,2010
NVIDIA,GeForce GTX 460,460,GTX 460,675,GF104,1024,256,907000,86400,DX11,GDDR5,40nm,1.95b,PCIe2.0,6pin(x2),$199 ,2010
NVIDIA,GeForce GTX 460 SE,460 SE,GTX 460 SE,650,GF104,1024,256,748000,108800,DX11,GDDR5,40nm,1.95b,PCIe2.0,6pin(x2),$160 ,2010
NVIDIA,GeForce GTX 465,465,GTX 465,607,GF100,1024,256,845000,102600,DX11,GDDR5,40nm,3.2b,PCIe2.0,6pin(x2),$279 ,2010
NVIDIA,GeForce GTX 470,470,GTX 470,607,GF100,1280,320,1088000,133900,DX11,GDDR5,40nm,3.2b,PCIe2.0,6pin(x2),$349 ,2010
NVIDIA,GeForce GTX 480,480,GTX 480,700,GF100,1536,384,1345000,177400,DX11,GDDR5,40nm,3.2b,PCIe2.0,6+8pin,$499 ,2010
NVIDIA,GeForce GT 520,520,GT 520,810,GF119,512,64,155500,8000,DX11,DDR3,40nm,291m,PCIe2.0,no,$59 ,2011
NVIDIA,GeForce GT 520,520,GT 520,810,GF119,1024,64,155500,8000,DX11,DDR3,40nm,291m,PCIe2.0,no,$59 ,2011
NVIDIA,GeForce GT 530,530,GT 530,700,GF108,1024,128,268800,28800,DX11,DDR3,40nm,585m,PCIe2.0,no,OEM,2011
NVIDIA,GeForce GT 530,530,GT 530,700,GF108,2048,128,268800,28800,DX11,DDR3,40nm,585m,PCIe2.0,no,OEM,2011
NVIDIA,GeForce GT 545,545,GT 545,720,GF116,1536,192,622000,43000,DX11,DDR3,40nm,1.17b,PCIe2.0,no,OEM,2011
NVIDIA,GeForce GT 545,545,GT 545,720,GF116,3072,192,622000,43000,DX11,DDR3,40nm,1.17b,PCIe2.0,no,OEM,2011
NVIDIA,GeForce GTX 550 Ti,550 Ti,GTX 550 Ti,900,GF116,1024,192,691000,98400,DX11,GDDR5,40nm,1.17b,PCIe2.0,6pin,$149 ,2011
NVIDIA,GeForce GTX 560,560,GTX 560,810,GF114,1024,256,1088000,128000,DX11,GDDR5,40nm,1.95b,PCIe2.0,6pin(x2),$199 ,2011
NVIDIA,GeForce GTX 560,560,GTX 560,810,GF114,2048,256,1088000,128000,DX11,GDDR5,40nm,1.95b,PCIe2.0,6pin(x2),$199 ,2011
NVIDIA,GeForce GTX 560 Ti,560 Ti,GTX 560 Ti,822,GF114,1024,256,1263000,128000,DX11,GDDR5,40nm,1.95b,PCIe2.0,6pin(x2),$249 ,2011
NVIDIA,GeForce GTX 560 Ti,560 Ti,GTX 560 Ti,822,GF114,2048,256,1263000,128000,DX11,GDDR5,40nm,1.95b,PCIe2.0,6pin(x2),$249 ,2011
NVIDIA,GeForce GTX 560 Ti 448 Core,560 Ti 448 Core,GTX 560 Ti 448 Core,732,GF110,1280,320,1312000,152000,DX11,GDDR5,40nm,3.2b,PCIe2.0,6pin(x2),$289 ,2011
NVIDIA,GeForce GTX 570,570,GTX 570,732,GF110,1280,320,1405000,152000,DX11,GDDR5,40nm,3.2b,PCIe2.0,6pin(x2),$349 ,2010
NVIDIA,GeForce GTX 580,580,GTX 580,772,GF110,1536,384,1581000,192400,DX11,GDDR5,40nm,3.2b,PCIe2.0,6+8pin,$499 ,2010
NVIDIA,GeForce GTX 580,580,GTX 580,772,GF110,3072,384,1581000,192400,DX11,GDDR5,40nm,3.2b,PCIe2.0,6+8pin,$499 ,2010
NVIDIA,GeForce GTX 590,590,GTX 590,607,GF110,1536,384(x2),1243000(x2),163900(x2),DX11,GDDR5,40nm,3.2b(x2),PCIe2.0,8pin(x2),$699 ,2011
NVIDIA,GeForce 605,605,605,523,GF119,512,64,100000,14400,DX11,DDR3,40nm,291m,PCIe2.0,no,OEM,2012
NVIDIA,GeForce 605,605,605,523,GF119,1024,64,100000,14400,DX11,DDR3,40nm,291m,PCIe2.0,no,OEM,2012
NVIDIA,GeForce GT 610,610,GT 610,810,GF119,512,64,155500,14400,DX11,DDR3,40nm,291m,PCIe2.0,no,Budget,2012
NVIDIA,GeForce GT 610,610,GT 610,810,GF119,1024,64,155500,14400,DX11,DDR3,40nm,291m,PCIe2.0,no,Budget,2012
NVIDIA,GeForce GT 610,610,GT 610,810,GF119,2048,64,155500,14400,DX11,DDR3,40nm,291m,PCIe2.0,no,Budget,2012
NVIDIA,GeForce GT 620,620,GT 620,700,GF108,1024,128,268800,14400,DX11,DDR3,40nm,585m,PCIe2.0,no,Budget,2012
NVIDIA,GeForce GT 620,620,GT 620,700,GF108,2048,128,268800,14400,DX11,DDR3,40nm,585m,PCIe2.0,no,Budget,2012
NVIDIA,GeForce GT 630,630,GT 630,810,GF108,1024,128,311000,25600,DX11,GDDR3,40nm,585m,PCIe2.0,no,Upper Budget,2012
NVIDIA,GeForce GT 630,630,GT 630,810,GF108,2048,128,311000,25600,DX11,GDDR3,40nm,585m,PCIe2.0,no,Upper Budget,2012
NVIDIA,GeForce GT 640,640,GT 640,900,GK107,1024,128,691200,28500,DX11.1,GDDR3,28nm,1.3b,PCIe3.0,no,$99 ,2012
NVIDIA,GeForce GT 640,640,GT 640,900,GK107,2048,128,691200,28500,DX11.1,GDDR3,28nm,1.3b,PCIe3.0,no,$99 ,2012
NVIDIA,GeForce GTX 650,650,GTX 650,1058,GK107,1024,128,812500,80000,DX11.1,GDDR5,28nm,1.3b,PCIe3.0,6pin,$109 ,2012
NVIDIA,GeForce GTX 650,650,GTX 650,1058,GK107,2048,128,812500,80000,DX11.1,GDDR5,28nm,1.3b,PCIe3.0,6pin,$109 ,2012
NVIDIA,GeForce GTX 650 Ti,650 Ti,GTX 650 Ti,925,GK106,1024,128,1420800,86400,DX11.1,GDDR5,28nm,2.54b,PCIe3.0,6pin,$149 ,2012
NVIDIA,GeForce GTX 650 Ti,650 Ti,GTX 650 Ti,925,GK106,2048,128,1420800,86400,DX11.1,GDDR5,28nm,2.54b,PCIe3.0,6pin,$149 ,2012
NVIDIA,GeForce GTX 650 Ti Boost,650 Ti Boost,GTX 650 Ti Boost,980-1033,GK106,1024,192,1505280,144200,DX11.1,GDDR5,28nm,2.54b,PCIe3.0,6pin,$169 ,2013
NVIDIA,GeForce GTX 650 Ti Boost,650 Ti Boost,GTX 650 Ti Boost,980-1033,GK106,2048,192,1505280,144200,DX11.1,GDDR5,28nm,2.54b,PCIe3.0,6pin,$169 ,2013
NVIDIA,GeForce GTX 660,660,GTX 660,980-1033,GK106,2048,192,1881600,144200,DX11.1,GDDR5,28nm,2.54b,PCIe3.0,6pin,$229 ,2012
NVIDIA,GeForce GTX 660 Ti,660 Ti,GTX 660 Ti,915-980,GK104,2048,192,2459000,144200,DX11.1,GDDR5,28nm,3.54b,PCIe3.0,6pin(x2),$299 ,2012
NVIDIA,GeForce GTX 660 Ti,660 Ti,GTX 660 Ti,915-980,GK104,3072,192,2459000,144200,DX11.1,GDDR5,28nm,3.54b,PCIe3.0,6pin(x2),$299 ,2012
NVIDIA,GeForce GTX 670,670,GTX 670,915-980,GK104,2048,256,2459000,192200,DX11.1,GDDR5,28nm,3.54b,PCIe3.0,6pin(x2),$399 ,2012
NVIDIA,GeForce GTX 670,670,GTX 670,915-980,GK104,4096,256,2459000,192200,DX11.1,GDDR5,28nm,3.54b,PCIe3.0,6pin(x2),$399 ,2012
NVIDIA,GeForce GTX 680,680,GTX 680,1006-1058,GK104,2048,256,3090000,192200,DX11.1,GDDR5,28nm,3.54b,PCIe3.0,6pin(x2),$499 ,2012
NVIDIA,GeForce GTX 680,680,GTX 680,1006-1058,GK104,4096,256,3090000,192200,DX11.1,GDDR5,28nm,3.54b,PCIe3.0,6pin(x2),$499 ,2012
NVIDIA,GeForce GTX 690,690,GTX 690,915-1019,GK104,2048,256(x2),2811000(x2),192200(x2),DX11.1,GDDR5,28nm,3.54b(x2),PCIe3.0,8pin(x2),$999 ,2012
NVIDIA,GeForce GT 710,710,GT 710,954,GK208,1024,64,366000,14400,DX11.1,DDR3,28nm,1.02b,"PCIe2.0,PCIe3.0",no,Budget,2014
NVIDIA,GeForce GT 710,710,GT 710,954,GK208,2048,64,366000,14400,DX11.1,DDR3,28nm,1.02b,"PCIe2.0,PCIe3.0",no,Budget,2014
NVIDIA,GeForce GT 720,720,GT 720,797,GK208,1024,64,306000,14400,DX11.1,DDR3,28nm,1.02b,PCIe2.0,no,Budget,2014
NVIDIA,GeForce GT 720,720,GT 720,797,GK208,2048,64,306000,14400,DX11.1,DDR3,28nm,1.02b,PCIe2.0,no,Budget,2014
NVIDIA,GeForce GT 730,730,GT 730,902,GK208,1024,64,692700,14400,DX11.1,DDR3,28nm,1.02b,PCIe2.0,no,Budget,2014
NVIDIA,GeForce GT 730,730,GT 730,902,GK208,2048,64,692700,14400,DX11.1,DDR3,28nm,1.02b,PCIe2.0,no,Budget,2014
NVIDIA,GeForce GT 740,740,GT 740,993,GK107,1024,128,762600,80000,DX11.1,GDDR5,28nm,1.3b,PCIe3.0,no,$89 ,2014
NVIDIA,GeForce GT 740,740,GT 740,993,GK107,2048,128,762600,80000,DX11.1,GDDR5,28nm,1.3b,PCIe3.0,no,$89 ,2014
NVIDIA,GeForce GTX 750,750,GTX 750,1020-1085,GM107,1024,128,1044000,80000,DX11.2,GDDR5,28nm,1.87b,PCIe3.0,no,$119 ,2014
NVIDIA,GeForce GTX 750 Ti,750 Ti,GTX 750 Ti,1020-1085,GM107,2048,128,1305600,86400,DX11.2,GDDR5,28nm,1.87b,PCIe3.0,no,$149 ,2014
NVIDIA,GeForce GTX 760,760,GTX 760,980-1033,GK104,2048,256,2257920,192200,DX11.1,GDDR5,28nm,3.54b,PCIe3.0,6pin(x2),$249 ,2013
NVIDIA,GeForce GTX 760,760,GTX 760,980-1033,GK104,4096,256,2257920,192200,DX11.1,GDDR5,28nm,3.54b,PCIe3.0,6pin(x2),$249 ,2013
NVIDIA,GeForce GTX 770,770,GTX 770,1046-1085,GK104,2048,256,3213000,224400,DX11.1,GDDR5,28nm,3.54b,PCIe3.0,6+8pin,$399 ,2013
NVIDIA,GeForce GTX 770,770,GTX 770,1046-1085,GK104,4096,256,3213000,224400,DX11.1,GDDR5,28nm,3.54b,PCIe3.0,6+8pin,$399 ,2013
NVIDIA,GeForce GTX 780,780,GTX 780,863-900,GK110,3072,384,3976000,288400,DX11.1,GDDR5,28nm,7.08b,PCIe3.0,6+8pin,$649 ,2013
NVIDIA,GeForce GTX 780 Ti,780 Ti,GTX 780 Ti,875-928,GK110,3072,384,5040000,336000,DX11.1,GDDR5,28nm,7.08b,PCIe3.0,6+8pin,$699 ,2013
NVIDIA,GeForce GTX Titan,Titan,GTX Titan,837-876,GK110,6144,384,4500000,288400,DX11.1,GDDR5,28nm,7.08b,PCIe3.0,6+8pin,$999 ,2013
NVIDIA,GeForce GTX Titan Black,Titan Black,GTX Titan Black,889-980,GK110,6144,384,5121000,336000,DX11.1,GDDR5,28nm,7.08b,PCIe3.0,6+8pin,$999 ,2014
NVIDIA,GeForce GTX Titan Z,Titan Z,GTX Titan Z,705-876,GK110,6144,384(x2),4061000(x2),336000(x2),DX11.1,GDDR5,28nm,7.08b(x2),PCIe3.0,8pin(x2),"$2,999 ",2014
NVIDIA,GeForce GTX 950,950,GTX 950,1024-1188,GM206,2048,128,1572000,105600,DX12.1,GDDR5,28nm,2.94b,PCIe3.0,6pin,$159 ,2015
NVIDIA,GeForce GTX 960,960,GTX 960,1127-1178,GM206,2048,128,2308000,112100,DX12.1,GDDR5,28nm,2.94b,PCIe3.0,6pin,$199 ,2015
NVIDIA,GeForce GTX 960,960,GTX 960,1127-1178,GM206,4096,128,2308000,112100,DX12.1,GDDR5,28nm,2.94b,PCIe3.0,6pin,$199 ,2015
NVIDIA,GeForce GTX 970,970,GTX 970,1050-1178,GM204,4096,256,3494000,196000,DX12.1,GDDR5,28nm,5.2b,PCIe3.0,6pin(x2),$329 ,2014
NVIDIA,GeForce GTX 980,980,GTX 980,1126-1216,GM204,4096,256,4612000,224000,DX12.1,GDDR5,28nm,5.2b,PCIe3.0,6pin(x2),$549 ,2014
NVIDIA,GeForce GTX 980 Ti,980 Ti,GTX 980 Ti,1000-1075,GM200,6144,384,5632000,336500,DX12.1,GDDR5,28nm,8.0b,PCIe3.0,6+8pin,$649 ,2015
NVIDIA,GeForce GTX Titan X,Titan X,GTX Titan X,1000-1075,GM200,12288,384,6144000,336500,DX12.1,GDDR5,28nm,8.0b,PCIe3.0,6+8pin,$999 ,2015
NVIDIA,GeForce GT 1030,1030,GT 1030,1227-1468,GP108,2048,64,942000,48000,DX12.1,GDDR5,14nm,1.8b,PCIe3.0,no,$79 ,2017
NVIDIA,GeForce GTX 1050,1050,GTX 1050,1354-1455,GP107,2048,128,1862000,112000,DX12.1,GDDR5,14nm,3.3b,PCIe3.0,no,$109 ,2016
NVIDIA,GeForce GTX 1050,1050,GTX 1050,1354-1455,GP107,3072,96,1862000,112000,DX12.1,GDDR5,14nm,3.3b,PCIe3.0,no,$109 ,2016
NVIDIA,GeForce GTX 1050 Ti,1050 Ti,GTX 1050 Ti,1290-1392,GP107,4096,128,2138000,112000,DX12.1,GDDR5,14nm,3.3b,PCIe3.0,no,$139 ,2016
NVIDIA,GeForce GTX 1060 3GB,1060 3GB,GTX 1060 3GB,1506-1708,GP106,3072,192,3935000,192000,DX12.1,GDDR5,16nm,4.4b,PCIe3.0,6pin,$199 ,2016
NVIDIA,GeForce GTX 1060 6GB,1060 6GB,GTX 1060 6GB,1506-1708,GP106,6144,192,4372000,192000,DX12.1,GDDR5,16nm,4.4b,PCIe3.0,6pin,$249 ,2016
NVIDIA,GeForce GTX 1070,1070,GTX 1070,1506-1683,GP104,8192,256,5783000,256000,DX12.1,GDDR5,16nm,7.2b,PCIe3.0,8pin,$379 ,2016
NVIDIA,GeForce GTX 1070 Ti,1070 Ti,GTX 1070 Ti,1607-1683,GP104,8192,256,7816000,256000,DX12.1,GDDR5,16nm,7.2b,PCIe3.0,8pin,$449 ,2017
NVIDIA,GeForce GTX 1080,1080,GTX 1080,1607-1733,GP104,8192,256,8228000,320000,DX12.1,GDDR5X,16nm,7.2b,PCIe3.0,8pin,$599 ,2016
NVIDIA,GeForce GTX 1080 Ti,1080 Ti,GTX 1080 Ti,1480-1582,GP102,11264,352,10600000,484000,DX12.1,GDDR5X,16nm,12.0b,PCIe3.0,6+8pin,$699 ,2017
NVIDIA,GeForce GTX Titan X (Pascal),Titan X (Pascal),GTX Titan X (Pascal),1417-1531,GP102,12288,384,10150000,480000,DX12.1,GDDR5X,16nm,12.0b,PCIe3.0,6+8pin,"$1,199 ",2016
NVIDIA,GeForce GTX Titan Xp,Titan Xp,GTX Titan Xp,1405-1582,GP102,12288,384,12150000,547700,DX12.1,GDDR5X,16nm,12.0b,PCIe3.0,6+8pin,"$1,199 ",2017
NVIDIA,GeForce GTX 1630,1630,GTX 1630,1740-1785,TU117,4096,64,913900,96000,DX12.1,GDDR6,12nm,4.7b,PCIe3.0,no,$169 ,2022
NVIDIA,GeForce GTX 1650,1650,GTX 1650,1485-1665,TU117,4096,128,2984000,128000,DX12.1,GDDR5,12nm,4.7b,PCIe3.0,no,$149 ,2019
NVIDIA,GeForce GTX 1650 GDDR6,1650 GDDR6,GTX 1650 GDDR6,1410-1590,TU117,4096,128,2849000,192000,DX12.1,GDDR6,12nm,4.7b,PCIe3.0,no,$149 ,2020
NVIDIA,GeForce GTX 1650 Super,1650 Super,GTX 1650 Super,1530-1725,TU116,4096,128,4416000,192000,DX12.1,GDDR6,12nm,6.6b,PCIe3.0,6pin,$159 ,2019
NVIDIA,GeForce GTX 1660,1660,GTX 1660,1530-1785,TU116,6144,192,5027000,192000,DX12.1,GDDR5,12nm,6.6b,PCIe3.0,8pin,$219 ,2019
NVIDIA,GeForce GTX 1660 Super,1660 Super,GTX 1660 Super,1530-1785,TU116,6144,192,5027000,336000,DX12.1,GDDR6,12nm,6.6b,PCIe3.0,8pin,$229 ,2019
NVIDIA,GeForce GTX 1660 Ti,1660 Ti,GTX 1660 Ti,1500-1770,TU116,6144,192,5437000,288000,DX12.1,GDDR6,12nm,6.6b,PCIe3.0,8pin,$279 ,2019
NVIDIA,GeForce RTX 2060,2060,RTX 2060,1365-1680,TU106,6144,192,6451000,336000,DX12U,GDDR6,12nm,10.8b,PCIe3.0,8pin,$349 ,2019
NVIDIA,GeForce RTX 2060,2060,RTX 2060,1365-1680,TU106,12288,192,6451000,336000,DX12U,GDDR6,12nm,10.8b,PCIe3.0,8pin,$349 ,2019
NVIDIA,GeForce RTX 2060 Super,2060 Super,RTX 2060 Super,1470-1650,TU106,8192,256,7181000,448000,DX12U,GDDR6,12nm,10.8b,PCIe3.0,8pin,$399 ,2019
NVIDIA,GeForce RTX 2070,2070,RTX 2070,1410-1620,TU106,8192,256,7465000,448000,DX12U,GDDR6,12nm,10.8b,PCIe3.0,8pin,$499 ,2018
NVIDIA,GeForce RTX 2070 Super,2070 Super,RTX 2070 Super,1605-1770,TU104,8192,256,9062000,448000,DX12U,GDDR6,12nm,13.6b,PCIe3.0,6+8pin,$499 ,2019
NVIDIA,GeForce RTX 2080,2080,RTX 2080,1515-1710,TU104,8192,256,10068000,448000,DX12U,GDDR6,12nm,13.6b,PCIe3.0,6+8pin,$699 ,2018
NVIDIA,GeForce RTX 2080 Super,2080 Super,RTX 2080 Super,1650-1815,TU104,8192,256,11151000,496000,DX12U,GDDR6,12nm,13.6b,PCIe3.0,6+8pin,$699 ,2019
NVIDIA,GeForce RTX 2080 Ti,2080 Ti,RTX 2080 Ti,1350-1545,TU102,11264,352,13448000,616000,DX12U,GDDR6,12nm,18.6b,PCIe3.0,8pin(x2),$999 ,2018
NVIDIA,GeForce RTX Titan,Titan,RTX Titan,1350-1770,TU102,24576,384,16312000,672000,DX12U,GDDR6,12nm,18.6b,PCIe3.0,8pin(x2),"$2,499 ",2018
NVIDIA,GeForce RTX 3050 6GB,3050 6GB,RTX 3050 6GB,1042-1470,GA107,6144,96,6762000,168000,DX12U,GDDR6,8nm,8.7b,PCIe4.0,no,$169 ,2024
NVIDIA,GeForce RTX 3050 8GB,3050 8GB,RTX 3050 8GB,1552-1777,GA106,8192,128,9098000,224000,DX12U,GDDR6,8nm,12.0b,PCIe4.0,8pin,$249 ,2022
NVIDIA,GeForce RTX 3060,3060,RTX 3060,1320-1777,GA106,8192,128,12740000,360000,DX12U,GDDR6,8nm,12.0b,PCIe4.0,8pin,$329 ,2021
NVIDIA,GeForce RTX 3060,3060,RTX 3060,1320-1777,GA106,12288,192,12740000,360000,DX12U,GDDR6,8nm,12.0b,PCIe4.0,8pin,$329 ,2021
NVIDIA,GeForce RTX 3060 Ti,3060 Ti,RTX 3060 Ti,1410-1665,GA104,8192,256,16200000,448000,DX12U,GDDR6,8nm,17.4b,PCIe4.0,12pin,$399 ,2020
NVIDIA,GeForce RTX 3070,3070,RTX 3070,1500-1725,GA104,8192,256,20310000,448000,DX12U,GDDR6,8nm,17.4b,PCIe4.0,12pin,$499 ,2020
NVIDIA,GeForce RTX 3070 Ti,3070 Ti,RTX 3070 Ti,1575-1770,GA104,8192,256,21750000,608000,DX12U,GDDR6X,8nm,17.4b,PCIe4.0,12pin,$599 ,2021
NVIDIA,GeForce RTX 3080,3080,RTX 3080,1440-1710,GA102,10240,320,29770000,760000,DX12U,GDDR6X,8nm,28.3b,PCIe4.0,12pin,$699 ,2020
NVIDIA,GeForce RTX 3080,3080,RTX 3080,1440-1710,GA102,12288,384,29770000,760000,DX12U,GDDR6X,8nm,28.3b,PCIe4.0,12pin,$699 ,2020
NVIDIA,GeForce RTX 3080 Ti,3080 Ti,RTX 3080 Ti,1365-1665,GA102,12288,384,34100000,912000,DX12U,GDDR6X,8nm,28.3b,PCIe4.0,12pin,"$1,199 ",2021
NVIDIA,GeForce RTX 3090,3090,RTX 3090,1395-1695,GA102,24576,384,35580000,936000,DX12U,GDDR6X,8nm,28.3b,PCIe4.0,12pin,"$1,499 ",2020
NVIDIA,GeForce RTX 3090 Ti,3090 Ti,RTX 3090 Ti,1560-1860,GA102,24576,384,40000000,1008000,DX12U,GDDR6X,8nm,28.3b,PCIe4.0,16pin,"$1,999 ",2022
NVIDIA,GeForce RTX 4060,4060,RTX 4060,1830-2460,AD107,8192,128,15110000,272000,DX12U,GDDR6,5nm,18.9b,PCIe4.0,8pin,$299 ,2023
NVIDIA,GeForce RTX 4060 Ti,4060 Ti,RTX 4060 Ti,2310-2535,AD106,8192,128,22060000,288000,DX12U,GDDR6,5nm,22.9b,PCIe4.0,8pin,$399 ,2023
NVIDIA,GeForce RTX 4060 Ti,4060 Ti,RTX 4060 Ti,2310-2535,AD106,16384,128,22060000,288000,DX12U,GDDR6,5nm,22.9b,PCIe4.0,8pin,$399 ,2023
NVIDIA,GeForce RTX 4070,4070,RTX 4070,1920-2475,AD104,12288,192,29150000,504000,DX12U,GDDR6X,5nm,35.8b,PCIe4.0,16pin,$599 ,2023
NVIDIA,GeForce RTX 4070 Super,4070 Super,RTX 4070 Super,1980-2475,AD104,12288,192,35480000,504000,DX12U,GDDR6X,5nm,35.8b,PCIe4.0,16pin,$599 ,2024
NVIDIA,GeForce RTX 4070 Ti,4070 Ti,RTX 4070 Ti,2310-2610,AD104,12288,192,40090000,504000,DX12U,GDDR6X,5nm,35.8b,PCIe4.0,16pin,$799 ,2023
NVIDIA,GeForce RTX 4070 Ti Super,4070 Ti Super,RTX 4070 Ti Super,2340-2610,AD103,16384,256,44100000,672000,DX12U,GDDR6X,5nm,45.9b,PCIe4.0,16pin,$799 ,2024
NVIDIA,GeForce RTX 4080,4080,RTX 4080,2205-2505,AD103,16384,256,48740000,716800,DX12U,GDDR6X,5nm,45.9b,PCIe4.0,16pin,"$1,199 ",2022
NVIDIA,GeForce RTX 4080 SUPER,4080 SUPER,RTX 4080 SUPER,2295-2550,AD103,16384,256,52224000,736000,DX12U,GDDR6X,4nm,45.9b,PCIe4.0,16pin,$999 ,2024
NVIDIA,GeForce RTX 4090,4090,RTX 4090,2235-2520,AD102,24576,384,82575360,1017600,DX12U,GDDR6X,4nm,76.3b,PCIe4.0,16pin,"$1,599 ",2022
NVIDIA,GeForce RTX 5060,5060,RTX 5060,2280-2497,GB206,8192,128,19176960,448000,DX12U,GDDR7,4nm,21.9b,PCIe5.0,8pin,$299 ,
NVIDIA,GeForce RTX 5060 Ti,5060 Ti,RTX 5060 Ti,2407-2572,GB206,8192,128,23703552,448000,DX12U,GDDR7,4nm,21.9b,PCIe5.0,8pin,$379-429,2025
NVIDIA,GeForce RTX 5060 Ti,5060 Ti,RTX 5060 Ti,2407-2572,GB206,16384,128,23703552,448000,DX12U,GDDR7,4nm,21.9b,PCIe5.0,8pin,$379-429,2025
NVIDIA,GeForce RTX 5070,5070,RTX 5070,2235-2520,GB205,12288,192,35159040,672000,DX12U,GDDR7,4nm,30.2b,PCIe5.0,16pin,$549-599,2025
NVIDIA,GeForce RTX 5070 Ti,5070 Ti,RTX 5070 Ti,2310-2610,GB203,16384,256,48201728,1024000,DX12U,GDDR7,4nm,45.9b,PCIe5.0,16pin,$749-799,2025
NVIDIA,GeForce RTX 5080,5080,RTX 5080,2205-2505,GB203,16384,256,64770048,1024000,DX12U,GDDR7,4nm,45.9b,PCIe5.0,16pin,$999-1099,2025
NVIDIA,GeForce RTX 5090,5090,RTX 5090,2235-2520,GB202,32768,512,122552320,1792000,DX12U,GDDR7,4nm,101.3b,PCIe5.0,16pin(x2),$1999-2499,2025
Intel,Intel Arc A310,A310,A310,2000,ACM-G11,4096,64,4096000,124000,DX12U,GDDR6,6nm,7.2b,PCIe4.0,no,$100 ,2022
Intel,Intel Arc A380,A380,A380,2000,ACM-G11,6144,96,5120000,186000,DX12U,GDDR6,6nm,7.2b,PCIe4.0,no,$139 ,2022
Intel,Intel Arc A580,A580,A580,1700,ACM-G10,8192,256,10444000,512000,DX12U,GDDR6,6nm,21.7b,PCIe4.0,8pin(x2),$179 ,2023
Intel,Intel Arc A750,A750,A750,2050,ACM-G10,8192,256,14745000,512000,DX12U,GDDR6,6nm,21.7b,PCIe4.0,6+8pin,$289 ,2022
Intel,Intel Arc A770,A770,A770,2100,ACM-G10,8192,256,17203000,512000,DX12U,GDDR6,6nm,21.7b,PCIe4.0,6+8pin,$329 ,2022
Intel,Intel Arc A770,A770,A770,2100,ACM-G10,16384,256,17203000,512000,DX12U,GDDR6,6nm,21.7b,PCIe4.0,6+8pin,$329 ,2022
Intel,Intel Arc B580,B580,B580,2670,BMG-G21,12288,192,16400000,456000,DX12U,GDDR6,4nm,,PCIe4.0,8pin(x2),$249 ,2024
Intel,Intel Arc B570,B570,B570,2600,BMG-G21,10240,160,13300000,380000,DX12U,GDDR6,4nm,,PCIe4.0,8pin,$219 ,2025š
