id,vendor,model,vram_gb
2,AMD,Radeon (7200),64
3,AMD,Radeon (7200),64
1,AMD,Radeon (7200),32
9,AMD,Radeon 7500,128
11,AMD,Radeon 7500LE,128
10,AMD,Radeon 7500LE,64
13,AMD,Radeon 8500,128
14,AMD,Radeon 8500LE,64
15,AMD,Radeon 8500LE,128
19,AMD,Radeon 9000 Pro,128
21,AMD,Radeon 9100,128
23,AMD,Radeon 9100 Pro,128
22,AMD,Radeon 9100 Pro,64
24,AMD,Radeon 9200,64
25,AMD,Radeon 9200,128
27,AMD,Radeon 9200LE,128
28,AMD,Radeon 9200LE,256
30,AMD,Radeon 9200SE,256
29,AMD,Radeon 9200SE,128
32,AMD,Radeon 9250,128
34,AMD,Radeon 9500,64
40,AMD,Radeon 9550SE,256
39,AMD,Radeon 9550SE,128
42,AMD,Radeon 9600,128
43,AMD,Radeon 9600,256
45,AMD,Radeon 9600LE,128
44,AMD,Radeon 9600LE,128
46,AMD,Radeon 9600SE,128
47,AMD,Radeon 9600SE,256
50,AMD,Radeon 9600XT,128
51,AMD,Radeon 9600XT,256
54,AMD,Radeon 9700TX,128
56,AMD,Radeon 9800,256
59,AMD,Radeon 9800 Pro,128
58,AMD,Radeon 9800SE,256
57,AMD,Radeon 9800SE,128
61,AMD,Radeon 9800XT,256
140,AMD,Radeon HD 2400 Pro,256
144,AMD,Radeon HD 2600XT,256
147,AMD,Radeon HD 2900 Pro,512
146,AMD,Radeon HD 2900GT,256
149,AMD,Radeon HD 2900XT,512
151,AMD,Radeon HD 3450,256
152,AMD,Radeon HD 3470,256
155,AMD,Radeon HD 3650,512
154,AMD,Radeon HD 3650,256
156,AMD,Radeon HD 3650,1024
157,AMD,Radeon HD 3850,256
158,AMD,Radeon HD 3850,512
160,AMD,Radeon HD 3870,512
163,AMD,Radeon HD 4350,256
165,AMD,Radeon HD 4550,512
164,AMD,Radeon HD 4550,256
166,AMD,Radeon HD 4650,512
167,AMD,Radeon HD 4670,512
170,AMD,Radeon HD 4830,512
171,AMD,Radeon HD 4850,512
172,AMD,Radeon HD 4850,1024
174,AMD,Radeon HD 4860,512
175,AMD,Radeon HD 4860,1024
177,AMD,Radeon HD 4870,1024
176,AMD,Radeon HD 4870,512
179,AMD,Radeon HD 4890,1024
180,AMD,Radeon HD 4890,1024
181,AMD,Radeon HD 5450,512
182,AMD,Radeon HD 5450,1024
184,AMD,Radeon HD 5550,1024
183,AMD,Radeon HD 5550,512
185,AMD,Radeon HD 5570,512
186,AMD,Radeon HD 5570,1024
188,AMD,Radeon HD 5670,1024
187,AMD,Radeon HD 5670,512
189,AMD,Radeon HD 5750,512
191,AMD,Radeon HD 5770,1024
193,AMD,Radeon HD 5850,1024
194,AMD,Radeon HD 5870,1024
196,AMD,Radeon HD 5870 EF6,2048
197,AMD,Radeon HD 5970,1024
199,AMD,Radeon HD 6350,1024
201,AMD,Radeon HD 6450,512
202,AMD,Radeon HD 6570,512
205,AMD,Radeon HD 6750,512
210,AMD,Radeon HD 6870,1024
212,AMD,Radeon HD 6930,2048
211,AMD,Radeon HD 6930,1024
214,AMD,Radeon HD 6950,2048
215,AMD,Radeon HD 6970,1024
219,AMD,Radeon HD 7350,1024
220,AMD,Radeon HD 7450,512
222,AMD,Radeon HD 7470,512
224,AMD,Radeon HD 7570,512
226,AMD,Radeon HD 7670,512
229,AMD,Radeon HD 7750,1024
228,AMD,Radeon HD 7750,1024
230,AMD,Radeon HD 7770 GHz Ed.,1024
231,AMD,Radeon HD 7790,1024
236,AMD,Radeon HD 7950,3072
237,AMD,Radeon HD 7950 Boost,3072
239,AMD,Radeon HD 7970 GHz Ed.,3072
241,AMD,Radeon HD 7990,3072
4,AMD,Radeon LE,32
5,AMD,Radeon LE,64
274,AMD,Radeon Pro Duo,4096
243,AMD,Radeon R7 250,1024
246,AMD,Radeon R7 250E,2048
245,AMD,Radeon R7 250E,1024
248,AMD,Radeon R7 250X,2048
247,AMD,Radeon R7 250X,1024
250,AMD,Radeon R7 260,2048
251,AMD,Radeon R7 260X,2048
252,AMD,Radeon R7 265,2048
265,AMD,Radeon R7 370,4096
255,AMD,Radeon R9 270X,4096
254,AMD,Radeon R9 270X,2048
257,AMD,Radeon R9 280X,3072
260,AMD,Radeon R9 290X,4096
261,AMD,Radeon R9 290X,8192
262,AMD,Radeon R9 295X2,4096
266,AMD,Radeon R9 380,2048
268,AMD,Radeon R9 380X,4096
270,AMD,Radeon R9 390X,8192
271,AMD,Radeon R9 Fury,4096
272,AMD,Radeon R9 Fury X,4096
273,AMD,Radeon R9 Nano,4096
275,AMD,Radeon RX 460,2048
277,AMD,Radeon RX 470,4096
279,AMD,Radeon RX 480,4096
281,AMD,Radeon RX 540,2048
283,AMD,Radeon RX 550,2048
297,AMD,Radeon RX 5500,8192
298,AMD,Radeon RX 5500 XT,4096
285,AMD,Radeon RX 560,2048
287,AMD,Radeon RX 570,4096
288,AMD,Radeon RX 570,8192
304,AMD,Radeon RX 5700 XT 50th Anniv.,8192
289,AMD,Radeon RX 580,4096
307,AMD,Radeon RX 6500 XT,8192
325,AMD,Radeon RX 8800 XT,16384
7,AMD,Radeon VE (7000),64
6,AMD,Radeon VE (7000),32
294,AMD,Radeon VII,16384
99,AMD,Radeon X1050,128
103,AMD,Radeon X1300,512
101,AMD,Radeon X1300,128
105,AMD,Radeon X1300 Pro,512
106,AMD,Radeon X1300XT,256
107,AMD,Radeon X1300XT,512
113,AMD,Radeon X1600XT,512
112,AMD,Radeon X1600XT,256
115,AMD,Radeon X1650,512
118,AMD,Radeon X1650 Pro,256
116,AMD,Radeon X1650GT,256
117,AMD,Radeon X1650GT,512
121,AMD,Radeon X1650XT,512
120,AMD,Radeon X1650XT,256
122,AMD,Radeon X1800GTO,256
123,AMD,Radeon X1800XL,256
124,AMD,Radeon X1800XL,512
125,AMD,Radeon X1800XT,256
126,AMD,Radeon X1800XT,512
127,AMD,Radeon X1900,256
128,AMD,Radeon X1900GT,256
129,AMD,Radeon X1900GT,512
131,AMD,Radeon X1900XT,512
130,AMD,Radeon X1900XT,256
132,AMD,Radeon X1900XTX,512
135,AMD,Radeon X1950 Pro,256
133,AMD,Radeon X1950GT,256
134,AMD,Radeon X1950GT,512
138,AMD,Radeon X1950XT,512
137,AMD,Radeon X1950XT,256
139,AMD,Radeon X1950XTX,512
63,AMD,Radeon X300,256
64,AMD,Radeon X300SE,128
65,AMD,Radeon X300SE,256
67,AMD,Radeon X300SE HyperMemory,128
66,AMD,Radeon X300SE HyperMemory,32
68,AMD,Radeon X550,128
71,AMD,Radeon X600 Pro,256
72,AMD,Radeon X600XT,128
73,AMD,Radeon X600XT,256
74,AMD,Radeon X700,128
78,AMD,Radeon X700 Pro,128
76,AMD,Radeon X700LE,128
77,AMD,Radeon X700LE,256
81,AMD,Radeon X700XT,256
80,AMD,Radeon X700XT,128
82,AMD,Radeon X800,128
85,AMD,Radeon X800GT,128
86,AMD,Radeon X800GT,256
88,AMD,Radeon X800GTO,256
87,AMD,Radeon X800GTO,128
84,AMD,Radeon X800SE,256
90,AMD,Radeon X800XL,512
89,AMD,Radeon X800XL,256
92,AMD,Radeon X800XT,256
93,AMD,Radeon X800XT Platinum Ed.,256
96,AMD,Radeon X850XT,512
95,AMD,Radeon X850XT,256
97,AMD,Radeon X850XT Platinum Ed.,256
98,AMD,Radeon X850XT Platinum Ed.,512
624,INTEL,Intel Arc A770,8192
463,NVIDIA,GeForce 210,512
513,NVIDIA,GeForce 605,1024
381,NVIDIA,GeForce 6200TC,16
383,NVIDIA,GeForce 6200TC,64
382,NVIDIA,GeForce 6200TC,32
384,NVIDIA,GeForce 6500,128
386,NVIDIA,GeForce 6600,128
388,NVIDIA,GeForce 6600GT,128
394,NVIDIA,GeForce 6800 Ultra,256
396,NVIDIA,GeForce 7100GS,128
397,NVIDIA,GeForce 7200GS,128
401,NVIDIA,GeForce 7300GS,128
404,NVIDIA,GeForce 7300GT,512
400,NVIDIA,GeForce 7300LE,256
406,NVIDIA,GeForce 7600GS,512
410,NVIDIA,GeForce 7800GTX,256
416,NVIDIA,GeForce 7900 GTO,512
414,NVIDIA,GeForce 7900GT,512
417,NVIDIA,GeForce 7900GX2,512
418,NVIDIA,GeForce 7950GT,256
420,NVIDIA,GeForce 7950GX2,512
421,NVIDIA,GeForce 8300GS,128
422,NVIDIA,GeForce 8300GS,256
423,NVIDIA,GeForce 8400GS,256
426,NVIDIA,GeForce 8500GT,512
425,NVIDIA,GeForce 8500GT,256
427,NVIDIA,GeForce 8600GS,256
430,NVIDIA,GeForce 8600GT,512
429,NVIDIA,GeForce 8600GT,256
432,NVIDIA,GeForce 8600GTS,512
431,NVIDIA,GeForce 8600GTS,256
433,NVIDIA,GeForce 8800GS,384
436,NVIDIA,GeForce 8800GT,512
435,NVIDIA,GeForce 8800GT,256
438,NVIDIA,GeForce 8800GTS,320
439,NVIDIA,GeForce 8800GTS,640
440,NVIDIA,GeForce 8800GTS 512,512
444,NVIDIA,GeForce 9300GS,512
446,NVIDIA,GeForce 9400GT,512
445,NVIDIA,GeForce 9400GT,256
449,NVIDIA,GeForce 9500GT,512
448,NVIDIA,GeForce 9500GT,256
451,NVIDIA,GeForce 9600GSO,768
450,NVIDIA,GeForce 9600GSO,384
452,NVIDIA,GeForce 9600GT,512
457,NVIDIA,GeForce 9800GTX+,512
458,NVIDIA,GeForce 9800GX2,512
353,NVIDIA,GeForce FX 5200,64
356,NVIDIA,GeForce FX 5500,128
363,NVIDIA,GeForce FX 5600 Ultra,128
360,NVIDIA,GeForce FX 5600 XT,128
361,NVIDIA,GeForce FX 5600 XT,256
364,NVIDIA,GeForce FX 5700,128
368,NVIDIA,GeForce FX 5700 Ultra,128
366,NVIDIA,GeForce FX 5700LE,128
370,NVIDIA,GeForce FX 5800,128
371,NVIDIA,GeForce FX 5800 Ultra,128
459,NVIDIA,GeForce G 100,512
461,NVIDIA,GeForce GT 130,768
465,NVIDIA,GeForce GT 220,512
467,NVIDIA,GeForce GT 240,512
482,NVIDIA,GeForce GT 330,2048
483,NVIDIA,GeForce GT 340,512
488,NVIDIA,GeForce GT 440,1024
487,NVIDIA,GeForce GT 440,512
496,NVIDIA,GeForce GT 520,512
497,NVIDIA,GeForce GT 520,1024
498,NVIDIA,GeForce GT 530,1024
501,NVIDIA,GeForce GT 545,3072
514,NVIDIA,GeForce GT 610,512
515,NVIDIA,GeForce GT 610,1024
518,NVIDIA,GeForce GT 620,2048
517,NVIDIA,GeForce GT 620,1024
519,NVIDIA,GeForce GT 630,1024
521,NVIDIA,GeForce GT 640,1024
522,NVIDIA,GeForce GT 640,2048
537,NVIDIA,GeForce GT 710,1024
539,NVIDIA,GeForce GT 720,1024
541,NVIDIA,GeForce GT 730,1024
544,NVIDIA,GeForce GT 740,2048
462,NVIDIA,GeForce GTS 150,1024
470,NVIDIA,GeForce GTS 250,512
577,NVIDIA,GeForce GTX 1650 GDDR6,4096
473,NVIDIA,GeForce GTX 260 216 Core,896
475,NVIDIA,GeForce GTX 275,1792
478,NVIDIA,GeForce GTX 285,2048
479,NVIDIA,GeForce GTX 295,896
502,NVIDIA,GeForce GTX 550 Ti,1024
504,NVIDIA,GeForce GTX 560,2048
505,NVIDIA,GeForce GTX 560 Ti,1024
507,NVIDIA,GeForce GTX 560 Ti 448 Core,1280
508,NVIDIA,GeForce GTX 570,1280
509,NVIDIA,GeForce GTX 580,1536
511,NVIDIA,GeForce GTX 590,1536
525,NVIDIA,GeForce GTX 650 Ti,1024
527,NVIDIA,GeForce GTX 650 Ti Boost,1024
528,NVIDIA,GeForce GTX 650 Ti Boost,2048
529,NVIDIA,GeForce GTX 660,2048
530,NVIDIA,GeForce GTX 660 Ti,2048
532,NVIDIA,GeForce GTX 670,2048
534,NVIDIA,GeForce GTX 680,2048
545,NVIDIA,GeForce GTX 750,1024
546,NVIDIA,GeForce GTX 750 Ti,2048
547,NVIDIA,GeForce GTX 760,2048
549,NVIDIA,GeForce GTX 770,2048
551,NVIDIA,GeForce GTX 780,3072
557,NVIDIA,GeForce GTX 960,2048
573,NVIDIA,GeForce GTX Titan X (Pascal),12288
574,NVIDIA,GeForce GTX Titan Xp,12288
555,NVIDIA,GeForce GTX Titan Z,6144
378,NVIDIA,GeForce PCX 5900,128
590,NVIDIA,GeForce RTX Titan,24576
332,NVIDIA,GeForce2 GTS,64
331,NVIDIA,GeForce2 GTS,32
327,NVIDIA,GeForce2 MX,32
328,NVIDIA,GeForce2 MX 200,32
329,NVIDIA,GeForce2 MX 400,32
330,NVIDIA,GeForce2 MX 400,64
333,NVIDIA,GeForce2 Pro,64
334,NVIDIA,GeForce2 Ti,64
335,NVIDIA,GeForce2 Ultra,64
336,NVIDIA,GeForce3,64
338,NVIDIA,GeForce3 Ti 200,128
339,NVIDIA,GeForce3 Ti 500,64
340,NVIDIA,GeForce4 MX 420,64
341,NVIDIA,GeForce4 MX 440,64
342,NVIDIA,GeForce4 MX 440-8x,64
344,NVIDIA,GeForce4 MX 440SE,128
343,NVIDIA,GeForce4 MX 440SE,64
345,NVIDIA,GeForce4 MX 460,64
346,NVIDIA,GeForce4 Ti 4200,64
347,NVIDIA,GeForce4 Ti 4200,128
348,NVIDIA,GeForce4 Ti 4200-8x,128
349,NVIDIA,GeForce4 Ti 4400,128
350,NVIDIA,GeForce4 Ti 4600,128
351,NVIDIA,GeForce4 Ti 4800,128
352,NVIDIA,GeForce4 Ti 4800SE,128
