System,Brand,Range,,Type,Mount,Lens,,FL (mm),Max FL (mm),Max. Aper.,Filter (mm),MFD (cm),Diam. (mm),Diam. (in.),Length (mm),Length (in.),Weight (g),Weight (oz),IS,WR,Elements,Blades,Current Price,,Notes,Launch Year,Launch Price (USD),Source URL
Sony,Samyang & Schneider Kreuznach,Zoom,01/04/2025,,E,AF 14-24mm F2.8 FE,01/04/2025,14,14,2.8,77,,84,,88.8,,445,,No,,,,,01/04/2025,,2025,1300,https://www.samyanglens.com
Sony,Samyang,Zoom,01/10/2021,,E,AF 24-70mm F2.8 FE,01/10/2021,24,24,2.8,82,,88.0,,128.5,,1027,,No,,,,,01/10/2021,,2021,900,https://www.samyanglens.com
Sony,Samyang,Zoom,01/04/2023,,E,AF 35-150mm F2-2.8 FE,01/04/2023,35,35,2,82,,92.8,,157.4,,1224,,No,,,,,01/04/2023,,2023,1400,https://www.samyanglens.com
Sony,Sigma,Zoom,01/07/2019,,E,14-24mm F2.8 DG DN | Art,01/07/2019,14,14,2.8,—N/a,,85.0,,133.0,,795,,No,,,,,01/07/2019,,2019,1400,https://www.sigma-global.com
Sony,Sigma,Zoom,01/06/2022,,E,16-28mm F2.8 DG DN | Contemporary,01/06/2022,16,16,2.8,72,,77.2,,102.6,,450,,No,,,,,01/06/2022,,2022,900,https://www.sigma-global.com
Sony,Sigma,Zoom,01/09/2025,,E,20-200mm F3.5-6.3 DG | Contemporary,01/09/2025,20,20,3.5,72,,77.2,,117.5,,540,,No,,,,,01/09/2025,,2025,700,https://www.sigma-global.com
Sony,Sigma,Zoom,01/11/2019,,E,24-70mm F2.8 DG DN | Art,01/11/2019,24,24,2.8,82,,87.8,,124.9,,830,,No,,,,,01/11/2019,,2022,2300,https://www.sony.com/electronics/camera-lenses
Sony,Sigma,Zoom,01/05/2024,,E,24-70mm F2.8 DG DN II | Art,01/05/2024,24,24,2.8,82,,87.8,,122.2,,735,,No,,,,,01/05/2024,,2022,2300,https://www.sony.com/electronics/camera-lenses
Sony,Sigma,Zoom,01/06/2024,,E,28-45mm F1.8 DG DN | Art,01/06/2024,28,28,1.8,82,,87.8,,153.4,,950,,No,,,,,01/06/2024,,2024,1350,https://www.sigma-global.com
Sony,Sigma,Zoom,01/02/2021,,E,28-70mm F2.8 DG DN | Contemporary,01/02/2021,28,28,2.8,67,,72.2,,103.5,,470,,No,,,,,01/02/2021,,2021,900,https://www.sigma-global.com
Sony,Sigma,Zoom,01/09/2024,,E,28-105mm F2.8 DG DN | Art,01/09/2024,28,28,2.8,82,,87.8,,159.9,,990,,No,,,,,01/09/2024,,2024,1500,https://www.sigma-global.com
Sony,Sigma,Zoom,01/11/2023,,E,70-200mm F2.8 DG DN OS | Sports,01/11/2023,70,70,2.8,77,,90.6,,207.0,,1335,,Yes,,,,,01/11/2023,,2022,2800,https://www.sony.com/electronics/camera-lenses
Sony,Sigma,Zoom,01/06/2020,,E,100-400mm F5-6.3 DG DN OS | Contemporary,01/06/2020,100,100,5,67,,86.0,,199.2,,1140,,Yes,,,,,01/06/2020,,2020,1000,https://www.sigma-global.com
Sony,Sigma,Zoom,01/01/2023,,E,60-600mm F4.5-6.3 DG DN OS | Sports,01/01/2023,60,60,4.5,105,,119.4,,281.2,,2485,,Yes,,,,,01/01/2023,,2023,2000,https://www.sigma-global.com
Sony,Sigma,Zoom,01/08/2021,,E,150-600mm F5-6.3 DG DN OS | Sport,01/08/2021,150,150,5,95,,109.4,,265.6,,2100,,Yes,,,,,01/08/2021,,2021,1500,https://www.sigma-global.com
Sony,Sigma,Zoom,01/02/2025,,E,300-600mm F4 DG OS | Sports,01/02/2025,300,300,4,40.5,,167.0,,469.9,,3970,,Yes,,,,,01/02/2025,,2025,6000,https://www.sigma-global.com
Sony,Tamron,Zoom,01/07/2025,,E,16-30mm F2.8 Di III VXD G2,01/07/2025,16,16,2.8,67,,74.8,,101.8,,440,,No,,,,,01/07/2025,,2025,800,https://www.tamron.com
Sony,Tamron,Zoom,01/02/2019,,E,17-28mm F2.8 Di III RXD,01/02/2019,17,17,2.8,67,,73,,99,,420,,No,,,,,01/02/2019,,2019,900,https://www.tamron.com
Sony,Tamron,Zoom,01/10/2023,,E,17-50mm F4 Di III VXD,01/10/2023,17,17,4,67,,74.8,,114.4,,460,,No,,,,,01/10/2023,,2023,500,https://www.tamron.com
Sony,Tamron,Zoom,01/09/2022,,E,20-40mm F2.8 Di III VXD,01/09/2022,20,20,2.8,67,,74.4,,85.5,,365,,No,,,,,01/09/2022,,2022,700,https://www.tamron.com
Sony,Tamron,Zoom,01/10/2025,,E,25-200mm F2.8-5.6 G2,01/10/2025,25,25,2.8,67,,76.2,,121.5,,575,,No,,,,,01/10/2025,,2025,700,https://www.tamron.com
Sony,Tamron,Zoom,01/02/2018,,E,28-75mm F2.8 Di III RXD,01/02/2018,28,28,2.8,67,,73,,117.8,,550,,No,,,,,01/02/2018,,2018,800,https://www.tamron.com
Sony,Tamron,Zoom,01/08/2021,,E,28-75mm F2.8 Di III VXD G2,01/08/2021,28,28,2.8,67,,75.8,,117.6,,540,,No,,,,,01/08/2021,,2021,900,https://www.tamron.com
Sony,Tamron,Zoom,01/06/2020,,E,28-200mm F2.8-5.6 Di III RXD,01/06/2020,28,28,2.8,67,,74,,117,,575,,No,,,,,01/06/2020,,2020,730,https://www.tamron.com
Sony,Tamron,Zoom,01/07/2024,,E,28-300mm F4-7.1 Di III VC VXD,01/07/2024,28,28,4,67,,77,,126,,610,,Yes,,,,,01/07/2024,,2024,900,https://www.tamron.com
Sony,Tamron,Zoom,01/02/2026,,E,35-100mm F2.8 Di III VXD,01/02/2026,35,35,2.8,67,,80.6,,119.2,,565,,No,,,,,01/02/2026,,2026,900,https://www.tamron.com
Sony,Tamron,Zoom,01/08/2021,,E,35-150mm F2-2.8 Di III VXD,01/08/2021,35,35,2,82,,89.2,,158,,1165,,No,,,,,01/08/2021,,2021,1900,https://www.tamron.com
Sony,Tamron,Zoom,01/10/2019,,E,70-180mm F2.8 Di III VXD,01/10/2019,70,70,2.8,67,,81,,149,,810,,No,,,,,01/10/2019,,2020,1200,https://www.tamron.com
Sony,Tamron,Zoom,01/10/2023,,E,70-180mm F2.8 Di III VC VXD G2,01/10/2023,70,70,2.8,67,,83,,156.5,,855,,Yes,,,,,01/10/2023,,2023,1300,https://www.tamron.com
Sony,Tamron,Zoom,01/09/2020,,E,70-300mm F4.5-6.3 Di III RXD,01/09/2020,70,70,4.5,67,,77,,148,,545,,No,,,,,01/09/2020,,2020,550,https://www.tamron.com
Sony,Tamron,Zoom,01/06/2024,,E,50-300mm F4.5-6.3 Di III VC VXD,01/06/2024,50,50,4.5,67,,78,,150,,665,,Yes,,,,,01/06/2024,,2024,800,https://www.tamron.com
Sony,Tamron,Zoom,01/09/2022,,E,50-400mm F4.5-6.3 Di III VC VXD,01/09/2022,50,50,4.5,67,,77,,183.4,,1155,,Yes,,,,,01/09/2022,,2022,1300,https://www.tamron.com
Sony,Tamron,Zoom,01/04/2021,,E,150-500mm F5-6.7 Di III VC VXD,01/04/2021,150,150,5,82,,93,,209.6,,1725,,Yes,,,,,01/04/2021,,2021,1400,https://www.tamron.com
Sony,7Artisans,Prime,01/12/2023,,E,AF 50mm F1.8,01/12/2023,50,1.8,,62,,72,,104,,421,,No,,,,,01/12/2023,,2023,250,https://www.7artisans.com
Sony,AstrHori,Prime,01/12/2022,,E,85mm F1.8 AF,01/12/2022,85,1.8,,72,,80,,93.5,,626,,No,,,,,01/12/2022,,2022,300,https://www.astrhori.com
Sony,LAOWA,Prime,01/01/2024,,E,10mm f2.8 Zero-D FF,01/01/2024,10,2.8,,77,,82,,72.8,,420,,No,,,,,01/01/2024,,2024,700,https://www.laowa.com
Sony,LAOWA,Prime,01/06/2025,,E,12mm f2.8 Lite Zero-D FF,01/06/2025,12,2.8,,72,,77,,76.5,,377,,No,,,,,01/06/2025,,2025,600,https://www.laowa.com
Sony,LAOWA,Prime,01/09/2025,,E,180mm f4.5 1.5X Ultra Macro APO,01/09/2025,180,4.5,,62,,67.6,,134.4,,521.6,,No,,,,,01/09/2025,,2025,500,https://www.laowa.com
Sony,LAOWA,Prime,01/10/2025,,E,200mm f2 AF FF,01/10/2025,200,2,,105,,118,,174.8,,1588,,No,,,,,01/10/2025,,2025,1500,https://www.laowa.com
Sony,Meike,Prime,01/11/2023,,E,85mm F1.4 AF,01/11/2023,85,1.4,,77,,87,,114,,735,,No,,,,,01/11/2023,,2023,550,https://www.meike.com
Sony,Meike,Prime,01/11/2024,,E,85mm f1.8 Pro FF AF STM,01/11/2024,85,1.8,,62,,76,,95,,389,,No,,,,,01/11/2024,,2024,350,https://www.meike.com
Sony,Meike,Prime,01/11/2025,,E,85mm F1.8 SE Mark II,01/11/2025,85,1.8,,62,,76,,100.2,,369,,No,,,,,01/11/2025,,2025,300,https://www.meike.com
Sony,Meike,Prime,01/06/2022,,E,85mm F1.8 FF STM,01/06/2022,85,1.8,,67,,79.5,,?,,386,,No,,,,,01/06/2022,,2022,280,https://www.meike.com
Sony,Samyang,Prime,01/08/2016,,E,AF 14mm F2.8 FE,01/08/2016,14,2.8,,-,,86,,97.5,,500,,No,,,,,01/08/2016,,2016,900,https://www.samyanglens.com
Sony,Samyang,Prime,01/07/2025,,E,AF 16mm F2.8 P FE,01/07/2025,16,2.8,,62,,69.8,,70.5,,207,,No,,,,,01/07/2025,,2025,350,https://www.samyanglens.com
Sony,Samyang,Prime,01/08/2019,,E,AF 18mm F2.8 FE,01/08/2019,18,2.8,,58,,63.5,,60.5,,145,,No,,,,,01/08/2019,,2019,400,https://www.samyanglens.com
Sony,Samyang,Prime,,,E,V-AF 20mm T1.9 FE,,20,T1.9,,TBD,,TBD,,TBD,,280,,No,,,,,,,2022,650,https://www.samyanglens.com
Sony,Samyang,Prime,01/04/2021,,E,AF 24mm F1.8 FE,01/04/2021,24,1.8,,58,,65,,71.5,,230,,No,,,,,01/04/2021,,2020,400,https://www.viltrox.com
Sony,Samyang,Prime,01/11/2022,,E,V-AF 24mm T1.9 FE,01/11/2022,24,T1.9,,58,,72.2,,72.1,,280,,No,,,,,01/11/2022,,2022,650,https://www.samyanglens.com
Sony,Samyang,Prime,01/06/2018,,E,AF 24mm F2.8 FE,01/06/2018,24,2.8,,49,,61.8,,37.0,,120,,No,,,,,01/06/2018,,2018,300,https://www.samyanglens.com
Sony,Samyang,Prime,01/10/2017,,E,AF 35mm F1.4 FE,01/10/2017,35,1.4,,67,,75.9,,115,,645,,No,,,,,01/10/2017,,2017,800,https://www.samyanglens.com
Sony,Samyang,Prime,01/03/2022,,E,AF 35mm F1.4 FE II,01/03/2022,35,1.4,,67,,75.0,,115.0,,659,,No,,,,,01/03/2022,,2017,800,https://www.samyanglens.com
Sony,Samyang,Prime,01/12/2024,,E,AF 35mm F1.4 P FE,01/12/2024,35,1.4,,67,,75.0,,99.2,,470,,No,,,,,01/12/2024,,2024,600,https://www.samyanglens.com
Sony,Samyang,Prime,01/09/2020,,E,AF 35mm F1.8 FE,01/09/2020,35,1.8,,58,,65.0,,63.5,,210,,No,,,,,01/09/2020,,2021,400,https://www.viltrox.com
Sony,Samyang,Prime,01/03/2026,,E,AF 35mm F1.8 P FE,01/03/2026,35,1.8,,62,,69.8,,71.5,,216,,No,,,,,01/03/2026,,2026,350,https://www.samyanglens.com
Sony,Samyang,Prime,01/11/2022,,E,V-AF 35mm T1.9 FE,01/11/2022,35,T1.9,,58,,72.2,,72.1,,280,,No,,,,,01/11/2022,,2022,650,https://www.samyanglens.com
Sony,Samyang,Prime,01/06/2017,,E,AF 35mm F2.8 FE,01/06/2017,35,2.8,,"49
/40.5",,61.8,,33,,108.1,,No,,,,,01/06/2017,,2017,350,https://www.samyanglens.com
Sony,Samyang,Prime,01/05/2019,,E,AF 45mm F1.8 FE,01/05/2019,45,1.8,,49,,61.8,,56.1,,162,,No,,,,,01/05/2019,,2019,400,https://www.samyanglens.com
Sony,Samyang,Prime,01/05/2023,,E,V-AF 45mm T1.9 FE,01/05/2023,45,T1.9,,58,,72.2,,72.1,,280,,No,,,,,01/05/2023,,2023,650,https://www.samyanglens.com
Sony,Samyang,Prime,01/05/2016,,E,AF 50mm F1.4 FE,01/05/2016,50,1.4,,67,,73.5,,97.7,,585,,No,,,,,01/05/2016,,2016,800,https://www.samyanglens.com
Sony,Samyang,Prime,01/11/2021,,E,AF 50mm F1.4 FE II,01/11/2021,50,1.4,,72,,80.1,,88.9,,420,,No,,,,,01/11/2021,,2016,800,https://www.samyanglens.com
Sony,Samyang,Prime,01/04/2020,,E,AF 75mm F1.8 FE,01/04/2020,75,1.8,,58,,65.0,,69.0,,230,,No,,,,,01/04/2020,,2020,500,https://www.samyanglens.com
Sony,Samyang,Prime,01/09/2022,,E,V-AF 75mm T1.9 FE,01/09/2022,75,T1.9,,58,,72.2,,72.1,,280,,No,,,,,01/09/2022,,2022,650,https://www.samyanglens.com
Sony,Samyang,Prime,01/03/2019,,E,AF 85mm F1.4 FE,01/03/2019,85,1.4,,77,,88.0,,99.5,,568,,No,,,,,01/03/2019,,2019,800,https://www.samyanglens.com
Sony,Samyang,Prime,01/07/2022,,E,AF 85mm F1.4 FE II,01/07/2022,85,1.4,,72,,83.4,,99.5,,509,,No,,,,,01/07/2022,,2019,800,https://www.samyanglens.com
Sony,Samyang,Prime,01/07/2025,,E,AF 85mm F1.8 P FE,01/07/2025,85,1.8,,62,,69.8,,71.5,,272,,No,,,,,01/07/2025,,2025,400,https://www.samyanglens.com
Sony,Samyang,Prime,01/01/2022,,E,AF 135mm F1,01/01/2022,135,1.8,,82,,93.4,,129.6,,772,,No,,,,,01/01/2022,,2022,1400,https://www.samyanglens.com
Sony,Sigma,Prime,01/06/2023,,E,14mm F1.4 DG DN | Art,01/06/2023,14,1.4,,-,,101.4,,151.9,,1160,,No,,,,,01/06/2023,,2023,1600,https://www.sigma-global.com
Sony,Sigma,Prime,01/02/2017,,E,14mm F1.8 DG HSM | Art,01/02/2017,14,1.8,,-,,95.4,,152,,1170,,No,,,,,01/02/2017,,2017,1600,https://www.sigma-global.com
Sony,Sigma,Prime,01/02/2024,,E,15mm F1.4 DG DN DIAGONAL FISHEYE | Art,01/02/2024,15,1.4,,-,,104,,159.9,,1360,,No,,,,,01/02/2024,,2024,2200,https://www.sigma-global.com
Sony,Sigma,Prime,01/04/2023,,E,17mm F4 DG DN | Contemporary (I series),01/04/2023,17,4,,55,,64.0,,50.8,,220,,No,,,,,01/04/2023,,2023,600,https://www.sigma-global.com
Sony,Sigma,Prime,01/08/2022,,E,20mm F1.4 DG DN | Art,01/08/2022,20,1.4,,82,,87.8,,113.2,,630,,No,,,,,01/08/2022,,2022,900,https://www.sigma-global.com
Sony,Sigma,Prime,01/02/2018,,E,20mm F1.4 DG HSM | Art,01/02/2018,20,1.4,,-,,90.7,,155.8,,1015,,No,,,,,01/02/2018,,2022,900,https://www.sigma-global.com
Sony,Sigma,Prime,01/02/2022,,E,20mm F2 DG DN | Contemporary (I series),01/02/2022,20,2,,62,,70,,74.4,,370,,No,,,,,01/02/2022,,2022,550,https://www.sigma-global.com
Sony,Sigma,Prime,01/08/2022,,E,24mm F1.4 DG DN | Art,01/08/2022,24,1.4,,72,,75.7,,97.5,,510,,No,,,,,01/08/2022,,2022,800,https://www.sigma-global.com
Sony,Sigma,Prime,01/02/2018,,E,24mm F1.4 DG HSM | Art,01/02/2018,24,1.4,,77,,85.4,,116.2,,740,,No,,,,,01/02/2018,,2022,800,https://www.sigma-global.com
Sony,Sigma,Prime,01/09/2021,,E,24mm F2 DG DN | Contemporary (I series),01/09/2021,24,2,,62,,70,,74,,360,,No,,,,,01/09/2021,,2021,650,https://www.sigma-global.com
Sony,Sigma,Prime,01/12/2020,,E,24mm F3.5 DG DN | Contemporary (I series),01/12/2020,24,3.5,,55,,64,,50.8,,230,,No,,,,,01/12/2020,,2020,550,https://www.sigma-global.com
Sony,Sigma,Prime,01/09/2018,,E,28mm F1.4 DG HSM | Art,01/09/2018,28,1.4,,77,,82.8,,133.7,,925,,No,,,,,01/09/2018,,2018,800,https://www.sigma-global.com
Sony,Sigma,Prime,01/09/2025,,E,35mm F1.2 DG II | Art,01/09/2025,35,1.2,,72,,81.0,,111.4,,750,,No,,,,,01/09/2025,,2025,1600,https://www.sigma-global.com
Sony,Sigma,Prime,01/07/2019,,E,35mm F1.2 DG DN | Art,01/07/2019,35,1.2,,82,,87.8,,138.2,,1080,,No,,,,,01/07/2019,,2025,1600,https://www.sigma-global.com
Sony,Sigma,Prime,01/02/2018,,E,35mm F1.4 DG HSM | Art,01/02/2018,35,1.4,,67,,77,,120,,755,,No,,,,,01/02/2018,,2015,1600,https://www.sony.com/electronics/camera-lenses
Sony,Sigma,Prime,01/04/2021,,E,35mm F1.4 DG DN | Art,01/04/2021,35,1.4,,67,,75.5,,111.5,,640,,No,,,,,01/04/2021,,2015,1600,https://www.sony.com/electronics/camera-lenses
Sony,Sigma,Prime,01/02/2026,,E,35mm F1.4 DG II | Art,01/02/2026,35,1.4,,67,,73.0,,96.0,,525,,No,,,,,01/02/2026,,2015,1600,https://www.sony.com/electronics/camera-lenses
Sony,Sigma,Prime,01/12/2020,,E,35mm F2 DG DN | Contemporary (I series),01/12/2020,35,2,,58,,70,,67.4,,325,,No,,,,,01/12/2020,,2020,650,https://www.sigma-global.com
Sony,Sigma,Prime,01/09/2018,,E,40mm F1.4 DG HSM | Art,01/09/2018,40,1.4,,82,,87.8,,157,,1260,,No,,,,,01/09/2018,,2018,1400,https://www.sigma-global.com
Sony,Sigma,Prime,01/07/2019,,E,45mm F2.8 DG DN | Contemporary (I series),01/07/2019,45,2.8,,55,,64.0,,48.2,,230,,No,,,,,01/07/2019,,2019,550,https://www.sigma-global.com
Sony,Sigma,Prime,01/03/2024,,E,50mm F1.2 DG DN | Art,01/03/2024,50,1.2,,72,,81.0,,110.8,,740,,No,,,,,01/03/2024,,2024,1400,https://www.sigma-global.com
Sony,Sigma,Prime,01/02/2018,,E,50mm F1.4 DG HSM | Art,01/02/2018,50,1.4,,77,,85.4,,125.9,,880,,No,,,,,01/02/2018,,2023,1300,https://www.sony.com/electronics/camera-lenses
Sony,Sigma,Prime,01/02/2023,,E,50mm F1.4 DG DN | Art,01/02/2023,50,1.4,,72,,78.2,,111.5,,660,,No,,,,,01/02/2023,,2023,1300,https://www.sony.com/electronics/camera-lenses
Sony,Sigma,Prime,01/04/2023,,E,50mm F2 DG DN | Contemporary (I series),01/04/2023,50,2,,58,,70.0,,70.0,,345,,No,,,,,01/04/2023,,2023,600,https://www.sigma-global.com
Sony,Sigma,Prime,01/12/2020,,E,65mm F2 DG DN | Contemporary (I series),01/12/2020,65,2,,62,,72,,76.7,,405,,No,,,,,01/12/2020,,2020,700,https://www.sigma-global.com
Sony,Sigma,Prime,01/08/2018,,E,70mm F2.8 DG Macro | Art,01/08/2018,70,2.8,,49,,70.8,,131.8,,570,,No,,,,,01/08/2018,,2018,570,https://www.sigma-global.com
Sony,Sigma,Prime,01/02/2018,,E,85mm F1.4 DG HSM | Art,01/02/2018,85,1.4,,86,,94.7,,152.2,,1210,,No,,,,,01/02/2018,,2025,1800,https://www.sony.com/electronics/camera-lenses
Sony,Sigma,Prime,01/08/2020,,E,85mm F1.4 DG DN | Art,01/08/2020,85,1.4,,77,,82.8,,96.1,,625,,No,,,,,01/08/2020,,2025,1800,https://www.sony.com/electronics/camera-lenses
Sony,Sigma,Prime,01/09/2021,,E,90mm F2.8 DG DN | Contemporary (I series),01/09/2021,90,2.8,,55,,64,,61.7,,295,,No,,,,,01/09/2021,,2021,650,https://www.sigma-global.com
Sony,Sigma,Prime,01/02/2018,,E,105mm F1.4 DG HSM | Art,01/02/2018,105,1.4,,105,,115.9,,157.5,,1720,,No,,,,,01/02/2018,,2018,1600,https://www.sigma-global.com
Sony,Sigma,Prime,01/09/2020,,E,105mm F2.8 DG DN Macro | Art,01/09/2020,105,2.8,,62,,74,,135.6,,710,,No,,,,,01/09/2020,,2020,800,https://www.sigma-global.com
Sony,Sigma,Prime,01/09/2025,,E,135mm F1.4 DG | Art,01/09/2025,135,1.4,,105,,111.7,,137.5,,1420,,No,,,,,01/09/2025,,2025,2000,https://www.sigma-global.com
Sony,Sigma,Prime,01/02/2017,,E,135mm F1.8 DG HSM | Art,01/02/2017,135,1.8,,82,,91.4,,140.9,,1200,,No,,,,,01/02/2017,,2017,1400,https://www.sigma-global.com
Sony,Sigma,Prime,01/08/2025,,E,200mm F2 DG OS | Sports,01/08/2025,200,2,,105,,118.9,,203.0,,1800,,Yes,,,,,01/08/2025,,2025,3500,https://www.sigma-global.com
Sony,Sigma,Prime,01/02/2024,,E,500mm F5.6 DG DN OS | Sports,01/02/2024,500,5.6,,95,,107.6,,236.6,,1365,,Yes,,,,,01/02/2024,,2024,3000,https://www.sigma-global.com
Sony,Sirui,Prime,01/11/2025,,E,Astra Series 1.33x Anamorphic 50mm T1.8,01/11/2025,50,T1.8,,67,,72,,131,,620,,No,,,,,01/11/2025,,2025,800,https://www.sirui.com
Sony,Sirui,Prime,01/11/2025,,E,Astra Series 1.33x Anamorphic 75mm T1.8,01/11/2025,75,T1.8,,67,,72,,131,,650,,No,,,,,01/11/2025,,2025,800,https://www.sirui.com
Sony,Sirui,Prime,01/10/2024,,E,Aurora Series 85mm F1.4,01/10/2024,85,1.4,,67,,80.3,,102,,540,,No,,,,,01/10/2024,,2024,600,https://www.sirui.com
Sony,Sirui,Prime,01/11/2025,,E,Astra Series 1.33x Anamorphic 100mm T1.8,01/11/2025,100,T1.8,,67,,72,,135.3,,700,,No,,,,,01/11/2025,,2025,800,https://www.sirui.com
Sony,SongRaw,Prime,01/04/2025,,E,AF 50mm F1.2,01/04/2025,50,1.2,,72,,90,,129,,900,,No,,,,,01/04/2025,,2025,700,https://www.songraw.com
Sony,Tamron,Prime,01/10/2019,,E,20mm F2.8 Di III OSD M1:2,01/10/2019,20,2.8,,67,,73,,64,,220,,No,,,,,01/10/2019,,2019,350,https://www.tamron.com
Sony,Tamron,Prime,01/10/2019,,E,24mm F2.8 Di III OSD M1:2,01/10/2019,24,2.8,,67,,73,,64,,215,,No,,,,,01/10/2019,,2019,350,https://www.tamron.com
Sony,Tamron,Prime,01/10/2019,,E,35mm F2.8 Di III OSD,01/10/2019,35,2.8,,67,,73,,64,,210,,No,,,,,01/10/2019,,2019,350,https://www.tamron.com
Sony,Tamron,Prime,01/10/2024,,E,90mm F2.8 Di III MACRO VXD,01/10/2024,90,2.8,,67,,79.2,,126.5,,630,,No,,,,,01/10/2024,,2024,700,https://www.tamron.com
Sony,Tokina,Prime,01/04/2018,,E,FíRIN 20mm F2 FE AF,01/04/2018,20,2,,62,,73.8,,81.5,,464,,No,,,,,01/04/2018,,2018,500,https://www.tokinalens.com
Sony,Tokina,Prime,01/01/2020,,E,atx-m 85mm F1.8 FE,01/01/2020,85,1.8,,72,,93.23,,80,,645,,No,,,,,01/01/2020,,2020,600,https://www.tokinalens.com
Sony,Tokina,Prime,01/04/2019,,E,FíRIN 100mm F2.8 FE MACRO,01/04/2019,100,2.8,,55,,74,,123,,570,,No,,,,,01/04/2019,,2019,600,https://www.tokinalens.com
Sony,TTArtisan,Prime,01/08/2025,,E,AF 40mm F2,01/08/2025,40,2,,52,,61,,44,,167,,No,,,,,01/08/2025,,2025,200,https://www.ttartisan.com
Sony,TTArtisan,Prime,01/09/2024,,E,AF 75mm F2,01/09/2024,75,2,,62,,67,,74,,328,,No,,,,,01/09/2024,,2024,350,https://www.ttartisan.com
Sony,Viltrox,Prime,01/09/2025,,E,AF 14mm F4.0 Air,01/09/2025,14,4,,58,,65,,56.4,,170,,No,,,,,01/09/2025,,2025,280,https://www.viltrox.com
Sony,Viltrox,Prime,01/05/2023,,E,AF 161.8 FE,01/05/2023,16,1.8,,77,,85,,103,,560,,No,,,,,01/05/2023,,2023,550,https://www.viltrox.com
Sony,Viltrox,Prime,01/10/2023,,E,AF 202.8 FE,01/10/2023,20,2.8,,52,,65,,59.5,,157,,No,,,,,01/10/2023,,2023,350,https://www.viltrox.com
Sony,Viltrox,Prime,01/12/2020,,E,AF 241.8 FE,01/12/2020,24,1.8,,55,,70,,85,,340,,No,,,,,01/12/2020,,2020,400,https://www.viltrox.com
Sony,Viltrox,Prime,01/08/2023,,E,AF 281.8 FE,01/08/2023,28,1.8,,55,,70,,88.2,,367,,No,,,,,01/08/2023,,2023,400,https://www.viltrox.com
Sony,Viltrox,Prime,01/10/2024,,E,AF 28mm F4.5 FE,01/10/2024,28,4.5,,No,,60.3,,15.3,,60,,No,,,,,01/10/2024,,2024,200,https://www.viltrox.com
Sony,Viltrox,Prime,01/04/2025,,E,AF 35mm F1.2 LAB,01/04/2025,35,1.2,,77,,89.2,,121.8,,910,,No,,,,,01/04/2025,,2025,900,https://www.viltrox.com
Sony,Viltrox,Prime,01/12/2021,,E,AF 351.8 FE,01/12/2021,35,1.8,,55,,70,,88.2,,340,,No,,,,,01/12/2021,,2021,400,https://www.viltrox.com
Sony,Viltrox,Prime,01/08/2024,,E,AF 40mm F2.5,01/08/2024,40,2.5,,52,,65,,59.5,,167,,No,,,,,01/08/2024,,2024,300,https://www.viltrox.com
Sony,Viltrox,Prime,01/10/2025,,E,AF 50mm F1.4 Pro,01/10/2025,50,1.4,,77,,84.5,,111,,800,,No,,,,,01/10/2025,,2025,600,https://www.viltrox.com
Sony,Viltrox,Prime,01/12/2021,,E,AF 501.8 FE,01/12/2021,50,1.8,,55,,70,,88.2,,390,,No,,,,,01/12/2021,,2021,400,https://www.viltrox.com
Sony,Viltrox,Prime,01/04/2025,,E,AF 50mm F2.0 Air,01/04/2025,50,2,,58,,65,,56.5,,205,,No,,,,,01/04/2025,,2025,250,https://www.viltrox.com
Sony,Viltrox,Prime,01/06/2025,,E,AF 85mm F1.4 Pro,01/06/2025,85,1.4,,77,,84.5,,108.5,,800,,No,,,,,01/06/2025,,2025,800,https://www.viltrox.com
Sony,Viltrox,Prime,01/04/2019,,E,PFU RBMH 85MM F1.8 STM,01/04/2019,85,1.8,,72,,80,,92,,626,,No,,,,,01/04/2019,,2021,400,https://www.viltrox.com
Sony,Viltrox,Prime,01/04/2021,,E,AF 85mm F1.8 II,01/04/2021,85,1.8,,72,,80,,92,,484,,No,,,,,01/04/2021,,2021,400,https://www.viltrox.com
Sony,Viltrox,Prime,01/10/2025,,E,AF 85mm F2.0 EVO,01/10/2025,85,2,,58,,69,,76,,340,,No,,,,,01/10/2025,,2025,300,https://www.viltrox.com
Sony,Viltrox,Prime,01/11/2024,,E,AF 135mm F1.8 LAB,01/11/2024,135,1.8,,82,,93,,145.7,,1235,,No,,,,,01/11/2024,,2024,1400,https://www.viltrox.com
Sony,Yongnuo,Prime,01/10/2020,,E,YN35mm F2S DF DSM,01/10/2020,35,2,,52,,67,,72,,295,,No,,,,,01/10/2020,,2020,280,https://www.yongnuo.com
Sony,Yongnuo,Prime,01/11/2021,,E,YN50mm F1.8S DF DSM,01/11/2021,50,1.8,,58,,68,,85,,395,,No,,,,,01/11/2021,,2021,200,https://www.yongnuo.com
Sony,Yongnuo,Prime,01/08/2020,,E,YN85mm F1.8S DF DSM,01/08/2020,85,1.8,,58,,67,,88,,346,,No,,,,,01/08/2020,,2020,300,https://www.yongnuo.com
Sony,Yongnuo,Prime,01/11/2022,,E,85F1.8S DF DSM,01/11/2022,85,1.8,,58,,67,,87,,385,,No,,,,,01/11/2022,,2022,300,https://www.yongnuo.com
Sony,Zeiss,Prime,01/04/2016,,E,Batis Distagon T* 18mm f2.8[301],01/04/2016,18,2.8,,77,,100,,80,,330,,No,,,,,01/04/2016,,2016,1500,https://www.zeiss.com/camera-lenses
Sony,Zeiss,Prime,01/04/2015,,E,Batis Distagon T* 25mm f2.0[303],01/04/2015,25,2,,67,,81,,78,,335,,No,,,,,01/04/2015,,2015,1300,https://www.zeiss.com/camera-lenses
Sony,Zeiss,Prime,01/10/2018,,E,Batis Sonnar T* 40mm f2.0,01/10/2018,40,2,,67,,91,,93,,361,,No,,,,,01/10/2018,,2018,1300,https://www.zeiss.com/camera-lenses
Sony,Zeiss,Prime,01/04/2015,,E,Batis Sonnar T* 85mm f1.8[306],01/04/2015,85,1.8,,67,,92,,92,,452,,Yes,,,,,01/04/2015,,2015,1200,https://www.zeiss.com/camera-lenses
Sony,Zeiss,Prime,01/04/2017,,E,Batis Sonnar T* 135mm f2.8[308],01/04/2017,135,2.8,,67,,98,,120,,614,,Yes,,,,,01/04/2017,,2017,2000,https://www.zeiss.com/camera-lenses
Sony,"Samyang
/ Rokinon",Prime,01/04/2021,,E,AF 12mm F2 E,01/04/2021,12,,,62,,70.0,,59.2,,213,,,,,,,01/04/2021,,2021,400,https://www.samyanglens.com
Sony,Sigma,Prime,01/08/2025,,E,12mm F1.4 DC | Contemporary,01/08/2025,12,,,62,,68.0,,69.4,,225,,,,,,,01/08/2025,,2025,500,https://www.sigma-global.com
Sony,Sigma,Prime,01/02/2026,,E,15mm F1.4 DC DN | Contemporary,01/02/2026,15,,,58,,64.0,,64.8,,220,,,,,,,01/02/2026,,2026,550,https://www.sigma-global.com
Sony,Sigma,Prime,01/05/2018,,E,16mm F1.4 DC DN | Contemporary,01/05/2018,16,,,67,,72.2,,92.3,,405,,,,,,,01/05/2018,,2018,450,https://www.sigma-global.com
Sony,Sigma,Prime,01/12/2012,,E,19mm F2.8 EX DN,01/12/2012,19,,,46,,60.6,,45.7,,140,,,,,,,01/12/2012,,2020,800,https://www.sigma-global.com
Sony,Sigma,Prime,01/01/2013,,E,19mm F2.8 DN | Art,01/01/2013,19,,,46,,60.8,,45.7,,160,,,,,,,01/01/2013,,2020,800,https://www.sigma-global.com
Sony,Sigma,Prime,01/04/2023,,E,23mm F1.4 DC DN | Contemporary,01/04/2023,23,,,52,,65.8,,78.9,,330,,,,,,,01/04/2023,,2023,550,https://www.sigma-global.com
Sony,Sigma,Prime,01/12/2012,,E,30mm F2.8 EX DN,01/12/2012,30,,,46,,60.6,,38.6,,130,,,,,,,01/12/2012,,2020,800,https://www.sigma-global.com
Sony,Sigma,Prime,01/01/2013,,E,30mm F2.8 DN | Art,01/01/2013,30,,,46,,60.8,,40.5,,140,,,,,,,01/01/2013,,2020,800,https://www.sigma-global.com
Sony,Sigma,Prime,01/02/2016,,E,30mm F1.4 DC DN | Contemporary,01/02/2016,30,,,52,,64.8,,73.3,,265,,,,,,,01/02/2016,,2016,350,https://www.sigma-global.com
Sony,Sigma,Prime,01/09/2018,,E,56mm F1.4 DC DN | Contemporary,01/09/2018,56,,,55,,66.5,,59.5,,280,,,,,,,01/09/2018,,2018,480,https://www.sigma-global.com
Sony,Sigma,Prime,01/01/2013,,E,60mm F2.8 DN | Art,01/01/2013,60,,,46,,60.8,,55.5,,190,,,,,,,01/01/2013,,2020,800,https://www.sigma-global.com
Sony,Sirui,Prime,01/06/2024,,E,16mm F1.2,01/06/2024,16,,,58,,?,,94,,384,,,,,,,01/06/2024,,2024,400,https://www.sirui.com
Sony,Sirui,Prime,01/03/2025,,E,20mm T1.8 1.33x Anamorphic,01/03/2025,20,,,77,,86.4,,90.95,,489.3,,,,,,,01/03/2025,,2025,700,https://www.sirui.com
Sony,Sirui,Prime,01/11/2023,,E,23mm F1.2,01/11/2023,23,,,58,,?,,92.5,,381,,,,,,,01/11/2023,,2023,350,https://www.sirui.com
Sony,Sirui,Prime,01/11/2023,,E,33mm F1.2,01/11/2023,33,,,58,,?,,92.5,,400,,,,,,,01/11/2023,,2023,350,https://www.sirui.com
Sony,Sirui,Prime,01/12/2024,,E,40mm T1.8 1.33× Anamorphic[32],01/12/2024,40,,,77,,86.4,,128.2,,633,,,,,,,01/12/2024,,2024,700,https://www.sirui.com
Sony,Sirui,Prime,01/11/2023,,E,56mm F1.2,01/11/2023,56,,,58,,?,,92.5,,422,,,,,,,01/11/2023,,2023,400,https://www.sirui.com
Sony,Sirui,Prime,01/06/2024,,E,75mm F1.2,01/06/2024,75,,,67,,?,,94,,466,,,,,,,01/06/2024,,2024,450,https://www.sirui.com
Sony,Tokina,Prime,01/10/2021,,E,atx-m 23mm F1.4 E,01/10/2021,23,,,52,,65,,72,,276,,,,,,,01/10/2021,,2021,500,https://www.tokinalens.com
Sony,Tokina,Prime,01/10/2021,,E,atx-m 33mm F1.4 E,01/10/2021,33,,,52,,65,,72,,285,,,,,,,01/10/2021,,2021,500,https://www.tokinalens.com
Sony,Tokina,Prime,01/10/2021,,E,atx-m 56mm F1.4 E,01/10/2021,56,,,52,,65,,72,,315,,,,,,,01/10/2021,,2021,500,https://www.tokinalens.com
Sony,TTArtisan,Prime,01/04/2026,,E,AF 17mm f1.8 Air,01/04/2026,17,,,52,,60,,47,,"161~
178",,,,,,,01/04/2026,,2026,180,https://www.ttartisan.com
Sony,TTArtisan,Prime,01/04/2023,,E,AF 27mm F2.8 ,01/04/2023,27,,,39,,61,,29,,88,,,,,,,01/04/2023,,2023,150,https://www.ttartisan.com
Sony,TTArtisan,Prime,01/10/2023,,E,AF 35mm F1.8 ,01/10/2023,35,,,52,,65,,60,,199,,,,,,,01/10/2023,,2023,250,https://www.ttartisan.com
Sony,TTArtisan,Prime,01/12/2023,,E,AF 56mm F1.8 ,01/12/2023,56,,,52,,65,,62,,233,,,,,,,01/12/2023,,2023,280,https://www.ttartisan.com
Sony,Viltrox,Prime,01/09/2025,,E,AF 9mm F2.8 Air,01/09/2025,9,,,58,,65,,56.4,,175,,,,,,,01/09/2025,,2025,300,https://www.viltrox.com
Sony,Viltrox,Prime,01/07/2022,,E,AF 13mm F1.4,01/07/2022,13,,,67,,74,,90,,420,,,,,,,01/07/2022,,2022,450,https://www.viltrox.com
Sony,Viltrox,Prime,01/07/2025,,E,AF 15mm F1.7 Air,01/07/2025,15,,,58,,65,,56.4,,180,,,,,,,01/07/2025,,2025,280,https://www.viltrox.com
Sony,Viltrox,Prime,01/08/2019,,E,AF 23mm F1.4,01/08/2019,23,,,52,,65,,72,,260,,,,,,,01/08/2019,,2019,330,https://www.viltrox.com
Sony,Viltrox,Prime,01/02/2025,,E,AF 25mm F1.7 Air,01/02/2025,25,,,52,,64,,56.4,,170,,,,,,,01/02/2025,,2025,250,https://www.viltrox.com
Sony,Viltrox,Prime,01/02/2024,,E,AF 27mm F1.2 Pro,01/02/2024,27,,,67,,82,,92,,565,,,,,,,01/02/2024,,2024,450,https://www.viltrox.com
Sony,Viltrox,Prime,01/08/2019,,E,AF 33mm F1.4,01/08/2019,33,,,52,,65,,72,,270,,,,,,,01/08/2019,,2019,330,https://www.viltrox.com
Sony,Viltrox,Prime,01/12/2024,,E,AF 35mm F1.7 Air,01/12/2024,35,,,52,,64,,56.4,,170,,,,,,,01/12/2024,,2024,280,https://www.viltrox.com
Sony,Viltrox,Prime,01/09/2025,,E,AF 56mm F1.2 Pro,01/09/2025,56,,,67,,78.4,,91.7,,570,,,,,,,01/09/2025,,2025,450,https://www.viltrox.com
Sony,Viltrox,Prime,01/08/2019,,E,AF 56mm F1.4,01/08/2019,56,,,52,,65,,72,,290,,,,,,,01/08/2019,,2019,330,https://www.viltrox.com
Sony,Viltrox,Prime,01/08/2024,,E,AF 56mm F1.7 Air,01/08/2024,56,,,52,,65,,54.3,,170,,,,,,,01/08/2024,,2024,280,https://www.viltrox.com
Sony,Viltrox,Prime,01/07/2023,,E,AF 75mm F1.2 Pro,01/07/2023,75,,,77,,87,,101,,675,,,,,,,01/07/2023,,2023,550,https://www.viltrox.com
Sony,Yongnuo,Prime,01/01/2024,,E,YN11mm F1.8S DA DSM WL,01/01/2024,11,,,58,,66,,69,,260,,,,,,,01/01/2024,,2024,350,https://www.yongnuo.com
Sony,Yongnuo,Prime,01/10/2023,,E,YN16mm F1.8S DA DSM,01/10/2023,16,,,58,,64,,69,,274,,,,,,,01/10/2023,,2023,300,https://www.yongnuo.com
Sony,Yongnuo,Prime,01/08/2021,,E,YN50mm F1.8S DA DSM,01/08/2021,50,,,49,,64,,58,,146,,,,,,,01/08/2021,,2021,150,https://www.yongnuo.com
Sony,Zeiss,Prime,01/09/2012,,E,Touit 2.812,01/09/2012,12,,,67,,88,,68,,260,,,,,,,01/09/2012,,2012,1000,https://www.zeiss.com/camera-lenses
Sony,Zeiss,Prime,01/09/2012,,E,Touit 1.832,01/09/2012,32,,,52,,75,,60,,200,,,,,,,01/09/2012,,2012,900,https://www.zeiss.com/camera-lenses
Sony,Zeiss,Prime,01/09/2012,,E,Touit 2.850M,01/09/2012,50,,,52,,75,,91,,290,,,,,,,01/09/2012,,2025,800,https://www.sirui.com
Sony,Sigma,Zoom,01/10/2023,,E,10-18mm F2.8 DC DN | Contemporary,01/10/2023,10,18,2.8,67,,72.2,,64.0,,255,,,,,,,01/10/2023,,2023,600,https://www.sigma-global.com
Sony,Sigma,Zoom,01/06/2025,,E,#VALUE!,01/06/2025,17,40,1.8,67,,72.9,,117.9,,525,,,,,,,01/06/2025,,2025,1000,https://www.sigma-global.com
Sony,Sigma,Zoom,01/10/2021,,E,18-50mm F2.8 DC DN | Contemporary,01/10/2021,18,50,2.8,55,,61.6,,76.5,,290,,,,,,,01/10/2021,,2021,550,https://www.sigma-global.com
Sony,Sigma,Zoom,01/02/2025,,E,#VALUE!,01/02/2025,16,300,3.5,67,,73.8,,123.4,,615,,,,,,,01/02/2025,,2025,800,https://www.sigma-global.com
Sony,Tamron,Zoom,01/04/2021,,E,11-20mm F2.8 Di III-A RXD,01/04/2021,11,20,2.8,67,,73,,86.2,,335,,,,,,,01/04/2021,,2021,800,https://www.tamron.com
Sony,Tamron,Zoom,01/12/2020,,E,17-70mm F2.8 Di III-A VC RXD,01/12/2020,17,70,2.8,67,,74.6,,119.3,,525,,,,,,,01/12/2020,,2020,800,https://www.tamron.com
Sony,Tamron,Zoom,01/12/2011,,E,#VALUE!,01/12/2011,18,200,3.5,62,,68,,96.7,,460,,,,,,,01/12/2011,,2012,900,https://www.sony.com/electronics/camera-lenses
Sony,Tamron,Zoom,01/07/2021,,E,18-300mm F3.5-6.3 Di III-A VC VXD,01/07/2021,18,300,3.5,67,,75.5,,125.6,,620,,,,,,,01/07/2021,,2021,700,https://www.tamron.com
Sony,Tokina,Zoom,01/08/2022,,E,atx-m 11-18mm F2.8 E,01/08/2022,11,18,2.8,67,,74.4,,74.1,,335,,,,,,,01/08/2022,,2022,700,https://www.tokinalens.com
Sony,Sony,Prime,01/09/2022,,E,4mm f1.8 GM,01/09/2022,4,,1.8,,,83,,99.8,,460,,No,,,,,01/09/2022,,2022,600,https://www.sony.com/electronics/camera-lenses
Sony,Sony,Prime,01/01/2027,,E,16mm f1.8 G,01/01/2027,16,,1.8,67,,73.8,,75,,304,,No,,,,,01/01/2027,,2027,900,https://www.sony.com/electronics/camera-lenses
Sony,Sony,Prime,01/08/2021,,E,20mm f1.8 G,01/08/2021,20,,1.8,67,,73.5,,84.7,,373,,No,,,,,01/08/2021,,2020,900,https://www.sony.com/electronics/camera-lenses
Sony,Sony,Prime,01/06/2019,,E,24mm f1.4 GM,01/06/2019,24,,1.4,67,,75.4,,92.4,,445,,No,,,,,01/06/2019,,2022,800,https://www.sigma-global.com
Sony,Sony,Prime,01/09/2022,,E,24mm f2.8 G,01/09/2022,24,,2.8,49,,68,,45,,162,,No,,,,,01/09/2022,,2021,600,https://www.sony.com/electronics/camera-lenses
Sony,Sony,Prime,01/03/2016,,E,28mm f2,01/03/2016,28,,2,49,,60,,64,,200,,No,,,,,01/03/2016,,2015,450,https://www.sony.com/electronics/camera-lenses
Sony,Sony,Prime,01/09/2022,,E,35mm f1.4 GM,01/09/2022,35,,1.4,67,,76,,96,,524,,No,,,,,01/09/2022,,2015,1600,https://www.sony.com/electronics/camera-lenses
Sony,Sony,Prime,01/03/2016,,E,35mm f1.4 Zeiss,01/03/2016,35,,1.4,72,,78.5,,112,,630,,No,,,,,01/03/2016,,2015,1600,https://www.sony.com/electronics/camera-lenses
Sony,Sony,Prime,01/01/2014,,E,35mm f2.8 Zeiss,01/01/2014,35,,2.8,49,,61.5,,36.5,,120,,No,,,,,01/01/2014,,2014,800,https://www.sony.com/electronics/camera-lenses
Sony,Sony,Prime,01/07/2020,,E,35mm f1.8,01/07/2020,35,,1.8,55,,65.6,,73,,280,,No,,,,,01/07/2020,,2012,450,https://www.sony.com/electronics/camera-lenses
Sony,Sony,Prime,01/09/2022,,E,40mm f2.5 G,01/09/2022,40,,2.5,49,,68,,45,,173,,No,,,,,01/09/2022,,2021,600,https://www.sony.com/electronics/camera-lenses
Sony,Sony,Prime,01/09/2022,,E,50mm f1.2 GM,01/09/2022,50,,1.2,72,,87,,109.2,,778,,No,,,,,01/09/2022,,2024,1400,https://www.sigma-global.com
Sony,Sony,Prime,01/11/2024,,E,50mm f1.4 GM,01/11/2024,50,,1.4,67,,80.6,,96,,516,,No,,,,,01/11/2024,,2023,1300,https://www.sony.com/electronics/camera-lenses
Sony,Sony,Prime,01/04/2017,,E,50mm f1.4 Zeiss,01/04/2017,50,,1.4,72,,83.5,,108,,778,,No,,,,,01/04/2017,,2023,1300,https://www.sony.com/electronics/camera-lenses
Sony,Sony,Prime,01/04/2017,,E,50mm f1.8,01/04/2017,50,,1.8,49,,68.6,,59.5,,186,,No,,,,,01/04/2017,,2011,300,https://www.sony.com/electronics/camera-lenses
Sony,Sony,Prime,01/09/2022,,E,50mm f2.5 G,01/09/2022,50,,2.5,49,,68,,45,,174,,No,,,,,01/09/2022,,2021,600,https://www.sony.com/electronics/camera-lenses
Sony,Sony,Prime,01/04/2017,,E,50mm f2.8,01/04/2017,50,,2.8,55,,70.8,,71,,236,,No,,,,,01/04/2017,,2017,350,https://www.sony.com/electronics/camera-lenses
Sony,Sony,Prime,01/01/2014,,E,55mm f1.8 Zeiss,01/01/2014,55,,1.8,49,,64.4,,71,,281,,No,,,,,01/01/2014,,2013,1000,https://www.sony.com/electronics/camera-lenses
Sony,Sony,Prime,01/12/2025,,E,85mm f1.4 GM,01/12/2025,85,,1.4,77,,84.7,,107.3,,642,,No,,,,,01/12/2025,,2025,1800,https://www.sony.com/electronics/camera-lenses
Sony,Sony,Prime,01/04/2017,,E,85mm f1.4 GM,01/04/2017,85,,1.4,77,,89.5,,107.5,,848,,No,,,,,01/04/2017,,2025,1800,https://www.sony.com/electronics/camera-lenses
Sony,Sony,Prime,01/05/2018,,E,85mm f1.8,01/05/2018,85,,1.8,67,,78,,82,,371,,No,,,,,01/05/2018,,2018,600,https://www.sony.com/electronics/camera-lenses
Sony,Sony,Prime,01/03/2016,,E,90mm f2.8 G,01/03/2016,90,,2.8,62,,79,,130.5,,602,,Yes,,,,,01/03/2016,,2021,650,https://www.sigma-global.com
Sony,Sony,Prime,01/01/2027,,E,100mm f2.8 GM,01/01/2027,100,,2.8,67,,81.4,,147.9,,646,,Yes,,,,,01/01/2027,,2025,1500,https://www.sony.com/electronics/camera-lenses
Sony,Sony,Prime,01/05/2018,,E,100mm f2.8 GM,01/05/2018,100,,2.8,72,,85.2,,118.1,,700,,Yes,,,,,01/05/2018,,2025,1500,https://www.sony.com/electronics/camera-lenses
Sony,Sony,Prime,01/07/2020,,E,135mm f1.8 GM,01/07/2020,135,,1.8,82,,89.5,,127,,953,,No,,,,,01/07/2020,,2017,1400,https://www.sigma-global.com
Sony,Sony,Prime,01/11/2024,,E,300mm f2.8 GM,01/11/2024,300,,2.8,40.5,,124,,265,,1470,,Yes,,,,,01/11/2024,,2024,6000,https://www.sony.com/electronics/camera-lenses
Sony,Sony,Prime,01/06/2019,,E,400mm f2.8 GM,01/06/2019,400,,2.8,40.5,,158.1,,359,,2895,,Yes,,,,,01/06/2019,,2019,12000,https://www.sony.com/electronics/camera-lenses/g-master
Sony,Sony,Prime,01/07/2020,,E,600mm f4 GM,01/07/2020,600,,4,40.5,,163.6,,449,,3040,,Yes,,,,,01/07/2020,,2020,13000,https://www.sony.com/electronics/camera-lenses/g-master
Sony,Sony,Zoom,01/08/2021,,E,12–24mm f2.8 GM,01/08/2021,12,24,2.8,,,97.6,,137,,847,,No,,,,,01/08/2021,,2021,3000,https://www.sony.com/electronics/camera-lenses/g-master
Sony,Sony,Zoom,01/05/2018,,E,12–24mm f4 G,01/05/2018,12,24,4,,,87,,117,,565,,No,,,,,01/05/2018,,2012,1100,https://www.sony.com/electronics/camera-lenses
Sony,Sony,Zoom,01/12/2025,,E,16–25mm f2.8 G,01/12/2025,16,25,2.8,67,,74.8,,91.4,,409,,No,,,,,01/12/2025,,2024,1400,https://www.sony.com/electronics/camera-lenses
Sony,Sony,Zoom,01/05/2018,,E,16–35mm f2.8 GM,01/05/2018,16,35,2.8,82,,88.5,,121.6,,680,,No,,,,,01/05/2018,,2023,2300,https://www.sony.com/electronics/camera-lenses
Sony,Sony,Zoom,01/11/2024,,E,16–35mm f2.8 GM,01/11/2024,16,35,2.8,82,,87.8,,111.5,,547,,No,,,,,01/11/2024,,2023,2300,https://www.sony.com/electronics/camera-lenses
Sony,Sony,Zoom,01/10/2023,,E,16–35mm f4 G,01/10/2023,16,35,4,72,,80.5,,88.1,,353,,No,,,,,01/10/2023,,2015,1400,https://www.sony.com/electronics/camera-lenses
Sony,Sony,Zoom,01/02/2015,,E,16–35mm f4 Zeiss,01/02/2015,16,35,4,72,,78,,98.5,,518,,Yes,,,,,01/02/2015,,2022,1200,https://www.sony.com/electronics/camera-lenses
Sony,Sony,Zoom,01/07/2020,,E,16–35mm T3.1 G,01/07/2020,16,35,T3.1,N/A,,118.4,,190,,1390,,No,,,,,01/07/2020,,2020,4500,https://www.sony.com/electronics/camera-lenses
Sony,Sony,Zoom,01/11/2024,,E,20–70mm f4 G,01/11/2024,20,70,4,72,,78.7,,99,,488,,No,,,,,01/11/2024,,2023,1100,https://www.sony.com/electronics/camera-lenses
Sony,Sony,Zoom,01/12/2025,,E,24–50mm f2.8 G,01/12/2025,24,50,2.8,67,,74.8,,92.3,,440,,No,,,,,01/12/2025,,2024,1100,https://www.sony.com/electronics/camera-lenses
Sony,Sony,Zoom,01/02/2015,,E,24–70mm f4 Zeiss,01/02/2015,24,70,4,67,,73,,94.5,,426,,Yes,,,,,01/02/2015,,2014,1200,https://www.sony.com/electronics/camera-lenses
Sony,Sony,Zoom,01/04/2017,,E,24–70mm f2.8 GM,01/04/2017,24,70,2.8,82,,87.6,,136,,886,,No,,,,,01/04/2017,,2022,2300,https://www.sony.com/electronics/camera-lenses
Sony,Sony,Zoom,01/10/2023,,E,24–70mm f2.8 GM,01/10/2023,24,70,2.8,82,,87.8,,120,,695,,No,,,,,01/10/2023,,2022,2300,https://www.sony.com/electronics/camera-lenses
Sony,Sony,Zoom,01/05/2018,,E,24–105mm f4 G,01/05/2018,24,105,4,77,,83.4,,113.3,,663,,Yes,,,,,01/05/2018,,2017,1300,https://www.sony.com/electronics/camera-lenses
Sony,Sony,Zoom,01/03/2016,,E,24–240mm f3.5–6.3,01/03/2016,24,240,3.5,72,,80.5,,119,,780,,Yes,,,,,01/03/2016,,2015,1000,https://www.sony.com/electronics/camera-lenses
Sony,Sony,Zoom,01/08/2021,,E,28–60mm f4–5.6,01/08/2021,28,60,4,40.5,,66.6,,45,,167,,No,,,,,01/08/2021,,2021,500,https://www.sony.com/electronics/camera-lenses
Sony,Sony,Zoom,01/12/2025,,E,28–70mm f2 GM,01/12/2025,28,70,2,86,,92.9,,139.8,,918,,No,,,,,01/12/2025,,2025,3000,https://www.sony.com/electronics/camera-lenses
Sony,Sony,Zoom,01/01/2027,,E,28–70mm f3.5–5.6,01/01/2027,28,70,3.5,55,,72.5,,83,,293,,Yes,,,,,01/01/2027,,2013,500,https://www.sony.com/electronics/camera-lenses
Sony,Sony,Zoom,01/01/2014,,E,28–70mm f3.5–5.6,01/01/2014,28,70,3.5,55,,72.5,,83,,295,,Yes,,,,,01/01/2014,,2013,500,https://www.sony.com/electronics/camera-lenses
Sony,Sony,Zoom,01/02/2015,,E,28–135mm f4 G,01/02/2015,28,35,4,95,,105,,162.5,,1215,,Yes,,,,,01/02/2015,,2014,2500,https://www.sony.com/electronics/camera-lenses
Sony,Sony,Zoom,01/01/2027,,E,50–150mm f2 GM,01/01/2027,50,50,2,95,,102.8,,200,,1340,,No,,,,,01/01/2027,,2025,3800,https://www.sony.com/electronics/camera-lenses
Sony,Sony,Zoom,01/02/2015,,E,70–200mm f4 G,01/02/2015,70,00,4,72,,80,,175,,840,,Yes,,,,,01/02/2015,,2024,1700,https://www.sony.com/electronics/camera-lenses
Sony,Sony,Zoom,01/11/2024,,E,70–200mm f4 G,01/11/2024,70,00,4,72,,82.2,,149.0,,794,,Yes,,,,,01/11/2024,,2024,1700,https://www.sony.com/electronics/camera-lenses
Sony,Sony,Zoom,01/04/2017,,E,70–200mm f2.8 GM,01/04/2017,70,00,2.8,77,,88,,205.3,,1480,,Yes,,,,,01/04/2017,,2022,2800,https://www.sony.com/electronics/camera-lenses
Sony,Sony,Zoom,01/09/2022,,E,70–200mm f2.8 GM,01/09/2022,70,00,2.8,77,,88,,200,,1045,,Yes,,,,,01/09/2022,,2022,2800,https://www.sony.com/electronics/camera-lenses
Sony,Sony,Zoom,01/04/2017,,E,70–300mm f4.5–5.6 G,01/04/2017,70,00,4.5,72,,84,,143.5,,854,,Yes,,,,,01/04/2017,,2016,1200,https://www.sony.com/electronics/camera-lenses
Sony,Sony,Zoom,01/02/2028,,E,100–400mm f4.5 GM,01/02/2028,100,400,4.5,95,,119.8,,328,,1840,,Yes,,,,,01/02/2028,,2028,2800,https://www.sony.com/electronics/camera-lenses
Sony,Sony,Zoom,01/05/2018,,E,100–400mm f4.5–5.6 GM,01/05/2018,100,400,4.5,77,,93.9,,205,,1398,,Yes,,,,,01/05/2018,,2028,2800,https://www.sony.com/electronics/camera-lenses
Sony,Sony,Zoom,01/07/2020,,E,200–600mm f5.6–6.3 G,01/07/2020,200,600,5.6,95,,111.5,,318,,2115,,Yes,,,,,01/07/2020,,2020,2000,https://www.sony.com/electronics/camera-lenses
Sony,Sony,Zoom,01/02/2025,,E,400–800mm f6.3–8 G,01/02/2025,400,800,6.3,105,,119.8,,346,,2475,,Yes,,,,,01/02/2025,,2025,2500,https://www.sony.com/electronics/camera-lenses
Sony,Sony,Prime,01/10/2023,,E,11mm f1.8,01/10/2023,11,,1.8,55,,66,,57.5,,181,,No,,,,,01/10/2023,,2023,550,https://www.sony.com/electronics/camera-lenses
Sony,Sony,Prime,01/10/2023,,E,15mm f1.4 G,01/10/2023,15,,1.4,55,,66.6,,69.5,,219,,No,,,,,01/10/2023,,2023,750,https://www.sony.com/electronics/camera-lenses
Sony,Sony,Prime,01/10/2010,,E,16mm f2.8,01/10/2010,16,,2.8,49,,62,,22.5,,67,,No,,,,,01/10/2010,,2010,250,https://www.sony.com/electronics/camera-lenses
Sony,Sony,Prime,01/01/2014,,E,20mm f2.8,01/01/2014,20,,2.8,49,,62.6,,20.4,,69,,No,,,,,01/01/2014,,2014,350,https://www.sony.com/electronics/camera-lenses
Sony,Sony,Prime,01/11/2011,,E,24mm f1.8 Zeiss,01/11/2011,24,,1.8,49,,63,,65.5,,225,,No,,,,,01/11/2011,,2011,700,https://www.sony.com/electronics/camera-lenses
Sony,Sony,Prime,01/11/2011,,E,30mm f3.5,01/11/2011,30,,3.5,49,,62.0,,55.5,,138,,No,,,,,01/11/2011,,2011,300,https://www.sony.com/electronics/camera-lenses
Sony,Sony,Prime,01/12/2012,,E,35mm f1.8,01/12/2012,35,,1.8,49,,63,,45,,154,,Yes,,,,,01/12/2012,,2012,450,https://www.sony.com/electronics/camera-lenses
Sony,Sony,Prime,01/11/2011,,E,50mm f1.8,01/11/2011,50,,1.8,49,,62,,62,,202,,Yes,,,,,01/11/2011,,2011,300,https://www.sony.com/electronics/camera-lenses
Sony,Sony,Zoom,01/12/2012,,E,12–24mm f4,01/12/2012,12,24,4,62,,70,,63.5,,225,,Yes,,,,,01/12/2012,,2012,1100,https://www.sony.com/electronics/camera-lenses
Sony,Sony,Zoom,01/10/2023,,E,10–20mm f4 G,01/10/2023,10,20,4,62,,69.8,,55,,178,,No,,,,,01/10/2023,,2022,750,https://www.sony.com/electronics/camera-lenses
Sony,Sony,Zoom,01/01/2014,,E,16–50mm f3.5–5.6,01/01/2014,16,50,3.5,40.5,,64.7,,29.9,,116,,Yes,,,,,01/01/2014,,2025,300,https://www.sony.com/electronics/camera-lenses
Sony,Sony,Zoom,01/12/2025,,E,16–50mm f3.5–5.6,01/12/2025,16,50,3.5,40.5,,66,,31.3,,107,,Yes,,,,,01/12/2025,,2025,300,https://www.sony.com/electronics/camera-lenses
Sony,Sony,Zoom,01/07/2020,,E,16–55mm f2.8 G,01/07/2020,16,55,2.8,67,,73,,100,,494,,No,,,,,01/07/2020,,2020,1400,https://www.sony.com/electronics/camera-lenses
Sony,Sony,Zoom,01/01/2014,,E,16–70mm f4 Zeiss,01/01/2014,16,70,4,55,,66.6,,75,,308,,Yes,,,,,01/01/2014,,2014,1000,https://www.sony.com/electronics/camera-lenses
Sony,Sony,Zoom,01/02/2015,,E,18–50mm f4–5.6,01/02/2015,18,50,4,55,,68.5,,59,,116,,No,,,,,01/02/2015,,2014,600,https://www.sony.com/electronics/camera-lenses
Sony,Sony,Zoom,01/10/2010,,E,18–55mm f3.5–5.6,01/10/2010,18,55,3.5,49,,62,,60,,194,,Yes,,,,,01/10/2010,,2019,600,https://www.sony.com/electronics/camera-lenses
Sony,Sony,Zoom,01/01/2014,,E,18–105mm f4 G,01/01/2014,18,05,4,72,,78,,110,,427,,Yes,,,,,01/01/2014,,2014,600,https://www.sony.com/electronics/camera-lenses
Sony,Sony,Zoom,01/04/2017,,E,18–110mm f4 G,01/04/2017,18,10,4,95,,110,,167.5,,1105,,Yes,,,,,01/04/2017,,2014,600,https://www.sony.com/electronics/camera-lenses
Sony,Sony,Zoom,01/06/2019,,E,18–135mm f3.5–5.6,01/06/2019,18,35,3.5,55,,67.2,,88,,325,,Yes,,,,,01/06/2019,,2019,600,https://www.sony.com/electronics/camera-lenses
Sony,Sony,Zoom,01/10/2010,,E,18–200mm f3.5–6.3,01/10/2010,18,00,3.5,67,,75.5,,99,,524,,Yes,,,,,01/10/2010,,2010,900,https://www.sony.com/electronics/camera-lenses
Sony,Sony,Zoom,01/12/2012,,E,18–200mm LE f3.5–6.3,01/12/2012,18,200,3.5,62,,68,,97.1,,460,,Yes,,,,,01/12/2012,,2012,900,https://www.sony.com/electronics/camera-lenses
Sony,Sony,Zoom,01/12/2012,,E,18–200mm PZ f3.5–6.3,01/12/2012,18,200,3.5,67,,93.2,,99,,649,,Yes,,,,,01/12/2012,,2012,900,https://www.sony.com/electronics/camera-lenses
Sony,Sony,Zoom,01/11/2011,,E,55–210mm f4.5–6.3,01/11/2011,55,210,4.5,49,,63.8,,108,,345,,Yes,,,,,01/11/2011,,2011,350,https://www.sony.com/electronics/camera-lenses
Sony,Sony,Zoom,01/07/2020,,E,70–350mm f4.5–6.3 G,01/07/2020,70,350,4.5,67,,77,,142,,625,,Yes,,,,,01/07/2020,,2020,1000,https://www.sony.com/electronics/camera-lenses
