System,Brand,Range,Type,Mount,Lens,FL (mm),Max FL (mm),Max. Aper.,Filter (mm),MFD (cm),Diam. (mm),Diam. (in.),Length (mm),Length (in.),Weight (g),Weight (oz),IS,WR,Elements,Blades,Price (new),Notes
Sony,Sony,APS-C,Zoom,E,Sony E 10-18mm F4 OSS,10,18,f/4,62,25,70,2.76,63.5,2.50,225,7.94,Yes,No,,,698,Released 2012
Sony,Sony,APS-C,Zoom,E,Sony E PZ 10-20mm F4 G,10,20,f/4,62,13,69.8,2.75,55,2.17,178,6.28,No,No,,,898,Released 2022; Power Zoom
Sony,Sony,APS-C,Zoom,E,Sony E PZ 16-50mm F3.5-5.6 OSS,16,50,f/3.5,40.5,25,64.7,2.55,29.9,1.18,116,4.09,Yes,No,,,349,Released 2013; Power Zoom; Retractable
Sony,Sony,APS-C,Zoom,E,Sony E PZ 16-50mm F3.5-5.6 OSS II,16,50,f/3.5,40.5,25,66,2.60,31.3,1.23,107,3.77,Yes,No,,,399,Released 2024; Power Zoom
Sony,Sony,APS-C,Zoom,E,Sony E 16-55mm F2.8 G,16,55,f/2.8,67,33,73,2.87,100,3.94,494,17.43,No,No,,,1398,Released 2019
Sony,Sony,APS-C,Zoom,E,Sony Zeiss Vario-Tessar T* E 16-70mm F4 ZA OSS,16,70,f/4,55,35,66.6,2.62,75,2.95,308,10.87,Yes,No,,,1098,Released 2013; Vario-Tessar T* coating
Sony,Sony,APS-C,Zoom,E,Sony E 18-50mm F4-5.6,18,50,f/4,55,40,68.5,2.70,59,2.32,116,4.09,No,No,,,,Released 2014; Discontinued 2016; A3500 kit only
Sony,Sony,APS-C,Zoom,E,Sony E 18-55mm F3.5-5.6 OSS,18,55,f/3.5,49,25,62,2.44,60,2.36,194,6.84,Yes,No,,,,Discontinued
Sony,Sony,APS-C,Zoom,E,Sony E PZ 18-105mm F4 G OSS,18,105,f/4,72,45,78,3.07,110,4.33,427,15.06,Yes,No,,,698,Released 2013; Power Zoom
Sony,Sony,APS-C,Zoom,E,Sony E PZ 18-110mm F4 G OSS,18,110,f/4,95,40,110,4.33,167.5,6.59,1105,38.98,Yes,No,,,1198,Released 2016; Power Zoom
Sony,Sony,APS-C,Zoom,E,Sony E 18-135mm F3.5-5.6 OSS,18,135,f/3.5,55,45,67.2,2.65,88,3.46,325,11.46,Yes,No,,,798,Released 2018
Sony,Sony,APS-C,Zoom,E,Sony E 18-200mm F3.5-6.3 OSS,18,200,f/3.5,67,30,75.5,2.97,99,3.90,524,18.49,Yes,No,,,898,Released 2010
Sony,Sony,APS-C,Zoom,E,Sony E 18-200mm F3.5-6.3 OSS LE,18,200,f/3.5,62,50,68,2.68,97.1,3.82,460,16.23,Yes,No,,,798,Released 2012; Light Edition
Sony,Sony,APS-C,Zoom,E,Sony E PZ 18-200mm F3.5-6.3 OSS,18,200,f/3.5,67,30,93.2,3.67,99,3.90,649,22.89,Yes,No,,,998,Released 2012; Power Zoom
Sony,Sony,APS-C,Zoom,E,Sony E 55-210mm F4.5-6.3 OSS,55,210,f/4.5,49,100,63.8,2.51,108,4.25,345,12.17,Yes,No,,,349,Released 2011
Sony,Sony,APS-C,Zoom,E,Sony E 70-350mm F4.5-6.3 G OSS,70,350,f/4.5,67,110,77,3.03,142,5.59,625,22.05,Yes,No,,,998,Released 2019
Sony,Sony,APS-C,Prime,E,Sony E 11mm F1.8,11,11,f/1.8,55,15,66,2.60,57.5,2.26,181,6.39,No,No,,,548,Released 2022
Sony,Sony,APS-C,Prime,E,Sony E 15mm F1.4 G,15,15,f/1.4,55,17,66.6,2.62,69.5,2.74,219,7.73,No,No,,,798,Released 2022
Sony,Sony,APS-C,Prime,E,Sony E 16mm F2.8,16,16,f/2.8,49,24,62,2.44,22.5,0.89,67,2.36,No,No,,,299,Released 2010
Sony,Sony,APS-C,Prime,E,Sony E 20mm F2.8,20,20,f/2.8,49,20,62.6,2.46,20.4,0.80,69,2.43,No,No,,,349,Released 2013
Sony,Sony,APS-C,Prime,E,Sony Zeiss Sonnar T* E 24mm F1.8 ZA,24,24,f/1.8,49,16,63,2.48,65.5,2.58,225,7.94,No,No,,,1198,Released 2011; Sonnar T* coating
Sony,Sony,APS-C,Prime,E,Sony E 30mm F3.5 Macro,30,30,f/3.5,49,9.5,62,2.44,55.5,2.18,138,4.87,No,No,,,298,Released 2011; Macro lens
Sony,Sony,APS-C,Prime,E,Sony E 35mm F1.8 OSS,35,35,f/1.8,49,30,63,2.48,45,1.77,154,5.43,Yes,No,,,448,Released 2012
Sony,Sony,APS-C,Prime,E,Sony E 50mm F1.8 OSS,50,50,f/1.8,49,39,62,2.44,62,2.44,202,7.13,Yes,No,,,349,Released 2011
Sony,Sony,Full-Frame,Zoom,E,Sony FE 12-24mm F2.8 GM,12,24,f/2.8,N/A,28,97.6,3.84,137,5.39,847,29.88,No,No,,,2898,Released 2020; No filter thread
Sony,Sony,Full-Frame,Zoom,E,Sony FE 12-24mm F4 G,12,24,f/4,N/A,28,87,3.43,117,4.61,565,19.93,No,No,,,1498,Released 2017
Sony,Sony,Full-Frame,Zoom,E,Sony FE 16-25mm F2.8 G,16,25,f/2.8,67,18,74.8,2.94,91.4,3.60,409,14.43,No,No,,,1198,Released 2024
Sony,Sony,Full-Frame,Zoom,E,Sony FE 16-35mm F2.8 GM,16,35,f/2.8,82,28,88.5,3.48,121.6,4.79,680,23.99,No,No,,,2198,Released 2017
Sony,Sony,Full-Frame,Zoom,E,Sony FE 16-35mm F2.8 GM II,16,35,f/2.8,82,22,87.8,3.46,111.5,4.39,547,19.29,No,No,,,2298,Released 2023
Sony,Sony,Full-Frame,Zoom,E,Sony FE PZ 16-35mm F4 G,16,35,f/4,72,24,80.5,3.17,88.1,3.47,353,12.45,No,No,,,1398,Released 2022; Power Zoom
Sony,Sony,Full-Frame,Zoom,E,Sony Zeiss Vario-Tessar T* FE 16-35mm F4 ZA OSS,16,35,f/4,72,28,78,3.07,98.5,3.88,518,18.27,Yes,No,,,1348,Released 2014; Vario-Tessar T* coating
Sony,Sony,Full-Frame,Zoom,E,Sony FE C 16-35mm T3.1 G,16,35,T3.1,N/A,28,118.4,4.66,190,7.48,1390,49.03,No,No,,,5499,Released 2019; Cine lens
Sony,Sony,Full-Frame,Zoom,E,Sony FE 20-70mm F4 G,20,70,f/4,72,25,78.7,3.10,99,3.90,488,17.21,No,No,,,1098,Released 2023
Sony,Sony,Full-Frame,Zoom,E,Sony FE 24-50mm F2.8 G,24,50,f/2.8,67,18,74.8,2.94,92.3,3.63,440,15.52,No,No,,,1098,Released 2024
Sony,Sony,Full-Frame,Zoom,E,Sony Zeiss Vario-Tessar T* FE 24-70mm F4 ZA OSS,24,70,f/4,67,40,73,2.87,94.5,3.72,426,15.03,Yes,No,,,1198,Released 2014; Vario-Tessar T* coating
Sony,Sony,Full-Frame,Zoom,E,Sony FE 24-70mm F2.8 GM,24,70,f/2.8,82,38,87.6,3.45,136,5.35,886,31.25,No,No,,,2198,Released 2016
Sony,Sony,Full-Frame,Zoom,E,Sony FE 24-70mm F2.8 GM II,24,70,f/2.8,82,21,87.8,3.46,120,4.72,695,24.51,No,No,,,2298,Released 2022
Sony,Sony,Full-Frame,Zoom,E,Sony FE 24-105mm F4 G OSS,24,105,f/4,77,38,83.4,3.28,113.3,4.46,663,23.39,Yes,No,,,1398,Released 2017
Sony,Sony,Full-Frame,Zoom,E,Sony FE 24-240mm F3.5-6.3 OSS,24,240,f/3.5,72,50,80.5,3.17,119,4.69,780,27.51,Yes,No,,,998,Released 2015
Sony,Sony,Full-Frame,Zoom,E,Sony FE 28-60mm F4-5.6,28,60,f/4,40.5,30,66.6,2.62,45,1.77,167,5.89,No,No,,,498,Released 2020
Sony,Sony,Full-Frame,Zoom,E,Sony FE 28-70mm F2 GM,28,70,f/2,86,38,92.9,3.66,139.8,5.50,918,32.38,No,No,,,2998,Released 2024
Sony,Sony,Full-Frame,Zoom,E,Sony FE 28-70mm F3.5-5.6 OSS II,28,70,f/3.5,55,30,72.5,2.85,83,3.27,293,10.34,Yes,No,,,599,Released 2025
Sony,Sony,Full-Frame,Zoom,E,Sony FE 28-70mm F3.5-5.6 OSS,28,70,f/3.5,55,30,72.5,2.85,83,3.27,295,10.41,Yes,No,,,398,Released 2013
Sony,Sony,Full-Frame,Zoom,E,Sony FE PZ 28-135mm F4 G OSS,28,135,f/4,95,40,105,4.13,162.5,6.40,1215,42.86,Yes,No,,,2499,Released 2014; Power Zoom
Sony,Sony,Full-Frame,Zoom,E,Sony FE 50-150mm F2 GM,50,150,f/2,95,40,102.8,4.05,200,7.87,1340,47.27,No,No,,,2999,Released 2025
Sony,Sony,Full-Frame,Zoom,E,Sony FE 70-200mm F4 G OSS,70,200,f/4,72,100,80,3.15,175,6.89,840,29.63,Yes,No,,,1498,Released 2014; Internal zoom
Sony,Sony,Full-Frame,Zoom,E,Sony FE 70-200mm F4 Macro G OSS II,70,200,f/4,72,26,82.2,3.24,149,5.87,794,28.01,Yes,No,,,1698,Released 2023; Macro lens
Sony,Sony,Full-Frame,Zoom,E,Sony FE 70-200mm F2.8 GM OSS,70,200,f/2.8,77,96,88,3.46,205.3,8.08,1480,52.21,Yes,No,,,2598,Released 2016
Sony,Sony,Full-Frame,Zoom,E,Sony FE 70-200mm F2.8 GM OSS II,70,200,f/2.8,77,40,88,3.46,200,7.87,1045,36.86,Yes,No,,,2798,Released 2021
Sony,Sony,Full-Frame,Zoom,E,Sony FE 70-300mm F4.5-5.6 G OSS,70,300,f/4.5,72,90,84,3.31,143.5,5.65,854,30.12,Yes,No,,,1198,Released 2016
Sony,Sony,Full-Frame,Zoom,E,Sony FE 100-400mm F4.5-5.6 GM OSS,100,400,f/4.5,77,98,93.9,3.70,205,8.07,1398,49.31,Yes,No,,,2498,Released 2017
Sony,Sony,Full-Frame,Zoom,E,Sony FE 200-600mm F5.6-6.3 G OSS,200,600,f/5.6,95,240,111.5,4.39,318,12.52,2115,74.61,Yes,No,,,1998,Released 2019
Sony,Sony,Full-Frame,Zoom,E,Sony FE 400-800mm F6.3-8 G OSS,400,800,f/6.3,105,170,119.8,4.72,346,13.62,2475,87.30,Yes,No,,,2499,Released 2025
Sony,Sony,Full-Frame,Prime,E,Sony FE 14mm F1.8 GM,14,14,f/1.8,N/A,25,83,3.27,99.8,3.93,460,16.23,No,No,,,1598,Released 2021
Sony,Sony,Full-Frame,Prime,E,Sony FE 16mm F1.8 G,16,16,f/1.8,67,15,73.8,2.91,75,2.95,304,10.72,No,No,,,899,Released 2025
Sony,Sony,Full-Frame,Prime,E,Sony FE 20mm F1.8 G,20,20,f/1.8,67,18,73.5,2.89,84.7,3.33,373,13.16,No,No,,,899,Released 2020
Sony,Sony,Full-Frame,Prime,E,Sony FE 24mm F1.4 GM,24,24,f/1.4,67,24,75.4,2.97,92.4,3.64,445,15.70,No,No,,,1398,Released 2018
Sony,Sony,Full-Frame,Prime,E,Sony FE 24mm F2.8 G,24,24,f/2.8,49,18,68,2.68,45,1.77,162,5.71,No,No,,,598,Released 2021
Sony,Sony,Full-Frame,Prime,E,Sony FE 28mm F2,28,28,f/2,49,25,60,2.36,64,2.52,200,7.05,No,No,,,448,Released 2015
Sony,Sony,Full-Frame,Prime,E,Sony FE 35mm F1.4 GM,35,35,f/1.4,67,25,76,2.99,96,3.78,524,18.48,No,No,,,1398,Released 2021
Sony,Sony,Full-Frame,Prime,E,Sony Zeiss Distagon T* FE 35mm F1.4 ZA,35,35,f/1.4,72,30,78.5,3.09,112,4.41,630,22.22,No,No,,,1598,Released 2015; Distagon T* coating
Sony,Sony,Full-Frame,Prime,E,Sony Zeiss Sonnar T* FE 35mm F2.8 ZA,35,35,f/2.8,49,35,61.5,2.42,36.5,1.44,120,4.23,No,No,,,798,Released 2013; Sonnar T* coating
Sony,Sony,Full-Frame,Prime,E,Sony FE 35mm F1.8,35,35,f/1.8,55,22,65.6,2.58,73,2.87,280,9.88,No,No,,,749,Released 2019
Sony,Sony,Full-Frame,Prime,E,Sony FE 40mm F2.5 G,40,40,f/2.5,49,25,68,2.68,45,1.77,173,6.10,No,No,,,598,Released 2021
Sony,Sony,Full-Frame,Prime,E,Sony FE 50mm F1.2 GM,50,50,f/1.2,72,40,87,3.43,109.2,4.30,778,27.44,No,No,,,1998,Released 2021
Sony,Sony,Full-Frame,Prime,E,Sony FE 50mm F1.4 GM,50,50,f/1.4,67,41,80.6,3.17,96,3.78,516,18.20,No,No,,,1298,Released 2023
Sony,Sony,Full-Frame,Prime,E,Sony Zeiss Planar T* FE 50mm F1.4 ZA,50,50,f/1.4,72,45,83.5,3.29,108,4.25,778,27.44,No,No,,,1498,Released 2016; Planar T* coating
Sony,Sony,Full-Frame,Prime,E,Sony FE 50mm F1.8,50,50,f/1.8,49,45,68.6,2.70,59.5,2.34,186,6.56,No,No,,,248,Released 2016
Sony,Sony,Full-Frame,Prime,E,Sony FE 50mm F2.5 G,50,50,f/2.5,49,31,68,2.68,45,1.77,174,6.14,No,No,,,598,Released 2021
Sony,Sony,Full-Frame,Prime,E,Sony FE 50mm F2.8 Macro,50,50,f/2.8,55,16,70.8,2.79,71,2.80,236,8.33,No,No,,,498,Released 2016; Macro lens
Sony,Sony,Full-Frame,Prime,E,Sony Zeiss Sonnar T* FE 55mm F1.8 ZA,55,55,f/1.8,49,50,64.4,2.54,71,2.80,281,9.91,No,No,,,998,Released 2013; Sonnar T* coating
Sony,Sony,Full-Frame,Prime,E,Sony FE 85mm F1.4 GM II,85,85,f/1.4,77,85,84.7,3.33,107.3,4.22,642,22.65,No,No,,,1798,Released 2024
Sony,Sony,Full-Frame,Prime,E,Sony FE 85mm F1.4 GM,85,85,f/1.4,77,85,89.5,3.52,107.5,4.23,848,29.91,No,No,,,1798,Released 2016
Sony,Sony,Full-Frame,Prime,E,Sony FE 85mm F1.8,85,85,f/1.8,67,80,78,3.07,82,3.23,371,13.09,No,No,,,598,Released 2017
Sony,Sony,Full-Frame,Prime,E,Sony FE 90mm F2.8 Macro G OSS,90,90,f/2.8,62,28,79,3.11,130.5,5.14,602,21.24,Yes,No,,,1098,Released 2015; Macro lens
Sony,Sony,Full-Frame,Prime,E,Sony FE 100mm F2.8 Macro GM OSS,100,100,f/2.8,67,26,81.4,3.20,147.9,5.82,646,22.79,Yes,No,,,1098,Released 2025; Macro lens
Sony,Sony,Full-Frame,Prime,E,Sony FE 100mm F2.8 STF GM OSS,100,100,f/2.8,72,57,85.2,3.35,118.1,4.65,700,24.69,Yes,No,,,1498,Released 2017; Smooth Trans Focus
Sony,Sony,Full-Frame,Prime,E,Sony FE 135mm F1.8 GM,135,135,f/1.8,82,70,89.5,3.52,127,5.00,953,33.62,No,No,,,1898,Released 2019
Sony,Sony,Full-Frame,Prime,E,Sony FE 300mm F2.8 GM OSS,300,300,f/2.8,40.5,200,124,4.88,265,10.43,1470,51.85,Yes,No,,,5998,Released 2023
Sony,Sony,Full-Frame,Prime,E,Sony FE 400mm F2.8 GM OSS,400,400,f/2.8,40.5,270,158.1,6.22,359,14.13,2895,102.12,Yes,No,,,11998,Released 2018
Sony,Sony,Full-Frame,Prime,E,Sony FE 600mm F4 GM OSS,600,600,f/4,40.5,450,163.6,6.44,449,17.68,3040,107.23,Yes,No,,,12998,Released 2019
Third-Party,Samyang/Rokinon,APS-C,Prime,E,Samyang AF 12mm F2 E,12,12,f/2,62,19,70,2.76,59.2,2.33,213,7.51,No,No,,,499,Released 2021
Third-Party,Sigma,APS-C,Prime,E,Sigma 12mm F1.4 DC | Contemporary,12,12,f/1.4,62,17.2,68,2.68,69.4,2.73,225,7.94,No,No,,,549,Released 2025
Third-Party,Sigma,APS-C,Prime,E,Sigma 15mm F1.4 DC DN | Contemporary,15,15,f/1.4,58,17.7,64,2.52,64.8,2.55,220,7.76,No,No,,,599,Released 2026
Third-Party,Sigma,APS-C,Prime,E,Sigma 16mm F1.4 DC DN | Contemporary,16,16,f/1.4,67,25,72.2,2.84,92.3,3.63,405,14.29,No,No,,,399,Released 2017
Third-Party,Sigma,APS-C,Prime,E,Sigma 19mm F2.8 EX DN,19,19,f/2.8,46,20,60.6,2.39,45.7,1.80,140,4.94,No,No,,,,Discontinued
Third-Party,Sigma,APS-C,Prime,E,Sigma 19mm F2.8 DN | Art,19,19,f/2.8,46,20,60.8,2.39,45.7,1.80,160,5.64,No,No,,,199,Released 2013
Third-Party,Sigma,APS-C,Prime,E,Sigma 23mm F1.4 DC DN | Contemporary,23,23,f/1.4,52,25,65.8,2.59,78.9,3.11,330,11.64,No,No,,,449,Released 2023
Third-Party,Sigma,APS-C,Prime,E,Sigma 30mm F2.8 EX DN,30,30,f/2.8,46,30,60.6,2.39,38.6,1.52,130,4.59,No,No,,,,Discontinued
Third-Party,Sigma,APS-C,Prime,E,Sigma 30mm F2.8 DN | Art,30,30,f/2.8,46,30,60.8,2.39,40.5,1.59,140,4.94,No,No,,,199,Released 2013
Third-Party,Sigma,APS-C,Prime,E,Sigma 30mm F1.4 DC DN | Contemporary,30,30,f/1.4,52,30,64.8,2.55,73.3,2.89,265,9.35,No,No,,,339,Released 2016
Third-Party,Sigma,APS-C,Prime,E,Sigma 56mm F1.4 DC DN | Contemporary,56,56,f/1.4,55,50,66.5,2.62,59.5,2.34,280,9.88,No,No,,,479,Released 2018
Third-Party,Sigma,APS-C,Prime,E,Sigma 60mm F2.8 DN | Art,60,60,f/2.8,46,50,60.8,2.39,55.5,2.19,190,6.70,No,No,,,239,Discontinued 2019
Third-Party,Sirui,APS-C,Prime,E,Sirui 16mm F1.2,16,16,f/1.2,58,30,,,94,3.70,384,13.55,No,No,,,429,Released 2024
Third-Party,Sirui,APS-C,Prime,E,Sirui 20mm T1.8 1.33x Anamorphic,20,20,T1.8,77,40,86.4,3.40,90.95,3.58,489,17.25,No,No,,,699,Released 2025; Anamorphic
Third-Party,Sirui,APS-C,Prime,E,Sirui 23mm F1.2,23,23,f/1.2,58,30,,,92.5,3.64,381,13.44,No,No,,,349,Released 2023
Third-Party,Sirui,APS-C,Prime,E,Sirui 33mm F1.2,33,33,f/1.2,58,40,,,92.5,3.64,400,14.11,No,No,,,349,Released 2023
Third-Party,Sirui,APS-C,Prime,E,Sirui 40mm T1.8 1.33x Anamorphic,40,40,T1.8,77,60,86.4,3.40,128.2,5.05,633,22.33,No,No,,,899,Released 2024; Anamorphic
Third-Party,Sirui,APS-C,Prime,E,Sirui 56mm F1.2,56,56,f/1.2,58,60,,,92.5,3.64,422,14.89,No,No,,,349,Released 2023
Third-Party,Sirui,APS-C,Prime,E,Sirui 75mm F1.2,75,75,f/1.2,67,70,,,94,3.70,466,16.43,No,No,,,439,Released 2024
Third-Party,Tokina,APS-C,Prime,E,Tokina atx-m 23mm F1.4 E,23,23,f/1.4,52,30,65,2.56,72,2.83,276,9.74,No,No,,,449,Released 2021
Third-Party,Tokina,APS-C,Prime,E,Tokina atx-m 33mm F1.4 E,33,33,f/1.4,52,40,65,2.56,72,2.83,285,10.05,No,No,,,449,Released 2021
Third-Party,Tokina,APS-C,Prime,E,Tokina atx-m 56mm F1.4 E,56,56,f/1.4,52,60,65,2.56,72,2.83,315,11.11,No,No,,,479,Released 2021
Third-Party,TTArtisan,APS-C,Prime,E,TTArtisan AF 17mm f1.8 Air,17,17,f/1.8,52,18,60,2.36,47,1.85,170,6.00,No,No,,,129,Released 2026
Third-Party,TTArtisan,APS-C,Prime,E,TTArtisan AF 27mm F2.8,27,27,f/2.8,39,35,61,2.40,29,1.14,88,3.10,No,No,,,149,Released 2023
Third-Party,TTArtisan,APS-C,Prime,E,TTArtisan AF 35mm F1.8,35,35,f/1.8,52,35,65,2.56,60,2.36,199,7.02,No,No,,,199,Released 2023
Third-Party,TTArtisan,APS-C,Prime,E,TTArtisan AF 56mm F1.8,56,56,f/1.8,52,50,65,2.56,62,2.44,233,8.22,No,No,,,199,Released 2023
Third-Party,Viltrox,APS-C,Prime,E,Viltrox AF 9mm F2.8 Air,9,9,f/2.8,58,13,65,2.56,56.4,2.22,175,6.17,No,No,,,279,Released 2025
Third-Party,Viltrox,APS-C,Prime,E,Viltrox AF 13mm F1.4,13,13,f/1.4,67,22,74,2.91,90,3.54,420,14.82,No,No,,,429,Released 2022
Third-Party,Viltrox,APS-C,Prime,E,Viltrox AF 15mm F1.7 Air,15,15,f/1.7,58,23,65,2.56,56.4,2.22,180,6.35,No,No,,,249,Released 2025
Third-Party,Viltrox,APS-C,Prime,E,Viltrox AF 23mm F1.4,23,23,f/1.4,52,30,65,2.56,72,2.83,260,9.17,No,No,,,329,Released 2019
Third-Party,Viltrox,APS-C,Prime,E,Viltrox AF 25mm F1.7 Air,25,25,f/1.7,52,30,64,2.52,56.4,2.22,170,6.00,No,No,,,249,Released 2025
Third-Party,Viltrox,APS-C,Prime,E,Viltrox AF 27mm F1.2 Pro,27,27,f/1.2,67,28,82,3.23,92,3.62,565,19.93,No,No,,,545,Released 2024
Third-Party,Viltrox,APS-C,Prime,E,Viltrox AF 33mm F1.4,33,33,f/1.4,52,40,65,2.56,72,2.83,270,9.52,No,No,,,329,Released 2019
Third-Party,Viltrox,APS-C,Prime,E,Viltrox AF 35mm F1.7 Air,35,35,f/1.7,52,33,64,2.52,56.4,2.22,170,6.00,No,No,,,249,Released 2024
Third-Party,Viltrox,APS-C,Prime,E,Viltrox AF 56mm F1.2 Pro,56,56,f/1.2,67,50,78.4,3.09,91.7,3.61,570,20.11,No,No,,,545,Released 2025
Third-Party,Viltrox,APS-C,Prime,E,Viltrox AF 56mm F1.4,56,56,f/1.4,52,60,65,2.56,72,2.83,290,10.23,No,No,,,329,Released 2019
Third-Party,Viltrox,APS-C,Prime,E,Viltrox AF 56mm F1.7 Air,56,56,f/1.7,52,55,65,2.56,54.3,2.14,170,6.00,No,No,,,229,Released 2024
Third-Party,Viltrox,APS-C,Prime,E,Viltrox AF 75mm F1.2 Pro,75,75,f/1.2,77,88,87,3.43,101,3.98,675,23.81,No,No,,,549,Released 2023
Third-Party,Yongnuo,APS-C,Prime,E,Yongnuo YN11mm F1.8S DA DSM WL,11,11,f/1.8,58,15,66,2.60,69,2.72,260,9.17,No,No,,,319,Released 2024
Third-Party,Yongnuo,APS-C,Prime,E,Yongnuo YN16mm F1.8S DA DSM,16,16,f/1.8,58,17,64,2.52,69,2.72,274,9.67,No,No,,,298,Released 2022
Third-Party,Yongnuo,APS-C,Prime,E,Yongnuo YN50mm F1.8S DA DSM,50,50,f/1.8,49,45,64,2.52,58,2.28,146,5.15,No,No,,,129,Released 2020
Third-Party,Zeiss,APS-C,Prime,E,Zeiss Touit 2.8/12,12,12,f/2.8,67,18,88,3.46,68,2.68,260,9.17,No,No,,,999,Released 2013
Third-Party,Zeiss,APS-C,Prime,E,Zeiss Touit 1.8/32,32,32,f/1.8,52,30,75,2.95,60,2.36,200,7.05,No,No,,,719,Released 2013
Third-Party,Zeiss,APS-C,Prime,E,Zeiss Touit 2.8/50M,50,50,f/2.8,52,15,75,2.95,91,3.58,290,10.23,No,No,,,999,Released 2014; Macro lens
Third-Party,Sigma,APS-C,Zoom,E,Sigma 10-18mm F2.8 DC DN | Contemporary,10,18,f/2.8,67,11.6,72.2,2.84,64,2.52,255,8.99,No,No,,,599,Released 2023
Third-Party,Sigma,APS-C,Zoom,E,Sigma 17-40mm F1.8 DC | Art,17,40,f/1.8,67,28,72.9,2.87,117.9,4.64,525,18.52,No,No,,,1099,Released 2025
Third-Party,Sigma,APS-C,Zoom,E,Sigma 18-50mm F2.8 DC DN | Contemporary,18,50,f/2.8,55,12.1,61.6,2.43,76.5,3.01,290,10.23,No,No,,,549,Released 2021
Third-Party,Sigma,APS-C,Zoom,E,Sigma 16-300mm F3.5-6.7 DC OS | Contemporary,16,300,f/3.5,67,17,73.8,2.91,123.4,4.86,615,21.69,Yes,No,,,899,Released 2025
Third-Party,Tamron,APS-C,Zoom,E,Tamron 11-20mm F/2.8 Di III-A RXD,11,20,f/2.8,67,15,73,2.87,86.2,3.39,335,11.82,No,No,,,829,Released 2021
Third-Party,Tamron,APS-C,Zoom,E,Tamron 17-70mm F/2.8 Di III-A VC RXD,17,70,f/2.8,67,19,74.6,2.94,119.3,4.70,525,18.52,Yes,No,,,799,Released 2020
Third-Party,Tamron,APS-C,Zoom,E,Tamron 18-200mm F/3.5-6.3 Di III VC,18,200,f/3.5,62,50,68,2.68,96.7,3.81,460,16.23,Yes,No,,,199,Released 2011
Third-Party,Tamron,APS-C,Zoom,E,Tamron 18-300mm F/3.5-6.3 Di III-A VC VXD,18,300,f/3.5,67,15,75.5,2.97,125.6,4.94,620,21.87,Yes,No,,,699,Released 2021
Third-Party,Tokina,APS-C,Zoom,E,Tokina atx-m 11-18mm F2.8 E,11,18,f/2.8,67,19,74.4,2.93,74.1,2.92,335,11.82,No,No,,,599,Released 2022
Third-Party,7Artisans,Full-Frame,Prime,E,7Artisans AF 50mm F1.8,50,50,f/1.8,62,50,72,2.83,104,4.09,421,14.85,No,No,,,199,Released 2023
Third-Party,AstrHori,Full-Frame,Prime,E,AstrHori 85mm F1.8 AF,85,85,f/1.8,72,79,80,3.15,93.5,3.68,626,22.08,No,No,,,349,Released 2022
Third-Party,Laowa,Full-Frame,Prime,E,Laowa 10mm f/2.8 Zero-D FF,10,10,f/2.8,77,12,82,3.23,72.8,2.87,420,14.82,No,No,,,699,Released 2024
Third-Party,Laowa,Full-Frame,Prime,E,Laowa 12mm f/2.8 Lite Zero-D FF,12,12,f/2.8,72,14,77,3.03,76.5,3.01,377,13.30,No,No,,,549,Released 2025
Third-Party,Laowa,Full-Frame,Prime,E,Laowa 180mm f/4.5 1.5X Ultra Macro APO,180,180,f/4.5,62,30,67.6,2.66,134.4,5.29,522,18.41,No,No,,,599,Released 2025; Macro lens
Third-Party,Laowa,Full-Frame,Prime,E,Laowa 200mm f/2 AF FF,200,200,f/2,105,150,118,4.65,174.8,6.88,1588,56.01,No,No,,,2999,Released 2025
Third-Party,Meike,Full-Frame,Prime,E,Meike 85mm F1.4 AF,85,85,f/1.4,77,98,87,3.43,114,4.49,735,25.93,No,No,,,549,Released 2023
Third-Party,Meike,Full-Frame,Prime,E,Meike 85mm f1.8 Pro FF AF STM,85,85,f/1.8,62,85,76,2.99,95,3.74,389,13.72,No,No,,,199,Released 2024
Third-Party,Meike,Full-Frame,Prime,E,Meike 85mm F1.8 SE Mark II,85,85,f/1.8,62,65,76,2.99,100.2,3.94,369,13.02,No,No,,,179,Released 2025
Third-Party,Meike,Full-Frame,Prime,E,Meike 85mm F1.8 FF STM,85,85,f/1.8,67,90,79.5,3.13,,,386,13.62,No,No,,,169,Released 2022
Third-Party,Samyang/Rokinon,Full-Frame,Prime,E,Samyang AF 14mm F2.8 FE,14,14,f/2.8,N/A,20,86,3.39,97.5,3.84,500,17.64,No,No,,,699,Released 2016
Third-Party,Samyang/Rokinon,Full-Frame,Prime,E,Samyang AF 16mm F2.8 P FE,16,16,f/2.8,62,12,69.8,2.75,70.5,2.78,207,7.30,No,No,,,399,Released 2025
Third-Party,Samyang/Rokinon,Full-Frame,Prime,E,Samyang AF 18mm F2.8 FE,18,18,f/2.8,58,25,63.5,2.50,60.5,2.38,145,5.11,No,No,,,499,Released 2019
Third-Party,Samyang/Rokinon,Full-Frame,Prime,E,Samyang AF 24mm F1.8 FE,24,24,f/1.8,58,19,65,2.56,71.5,2.81,230,8.11,No,No,,,599,Released 2021
Third-Party,Samyang/Rokinon,Full-Frame,Prime,E,Samyang AF 24mm F2.8 FE,24,24,f/2.8,49,24,61.8,2.43,37,1.46,120,4.23,No,No,,,349,Released 2018
Third-Party,Samyang/Rokinon,Full-Frame,Prime,E,Samyang AF 35mm F1.4 FE,35,35,f/1.4,67,30,75.9,2.99,115,4.53,645,22.75,No,No,,,799,Released 2017
Third-Party,Samyang/Rokinon,Full-Frame,Prime,E,Samyang AF 35mm F1.4 FE II,35,35,f/1.4,67,29,75,2.95,115,4.53,659,23.25,No,No,,,899,Released 2022
Third-Party,Samyang/Rokinon,Full-Frame,Prime,E,Samyang AF 35mm F1.4 P FE,35,35,f/1.4,67,30,75,2.95,99.2,3.91,470,16.58,No,No,,,699,Released 2024
Third-Party,Samyang/Rokinon,Full-Frame,Prime,E,Samyang AF 35mm F1.8 FE,35,35,f/1.8,58,29,65,2.56,63.5,2.50,210,7.41,No,No,,,399,Released 2020
Third-Party,Samyang/Rokinon,Full-Frame,Prime,E,Samyang AF 35mm F1.8 P FE,35,35,f/1.8,62,27,69.8,2.75,71.5,2.81,216,7.62,No,No,,,449,Released 2026
Third-Party,Samyang/Rokinon,Full-Frame,Prime,E,Samyang AF 35mm F2.8 FE,35,35,f/2.8,49,35,61.8,2.43,33,1.30,108,3.81,No,No,,,349,Released 2017
Third-Party,Samyang/Rokinon,Full-Frame,Prime,E,Samyang AF 45mm F1.8 FE,45,45,f/1.8,49,45,61.8,2.43,56.1,2.21,162,5.71,No,No,,,499,Released 2019
Third-Party,Samyang/Rokinon,Full-Frame,Prime,E,Samyang AF 50mm F1.4 FE,50,50,f/1.4,67,45,73.5,2.89,97.7,3.85,585,20.64,No,No,,,699,Released 2016
Third-Party,Samyang/Rokinon,Full-Frame,Prime,E,Samyang AF 50mm F1.4 FE II,50,50,f/1.4,72,40,80.1,3.15,88.9,3.50,420,14.82,No,No,,,899,Released 2021
Third-Party,Samyang/Rokinon,Full-Frame,Prime,E,Samyang AF 75mm F1.8 FE,75,75,f/1.8,58,69,65,2.56,69,2.72,230,8.11,No,No,,,399,Released 2020
Third-Party,Samyang/Rokinon,Full-Frame,Prime,E,Samyang AF 85mm F1.4 FE,85,85,f/1.4,77,90,88,3.46,99.5,3.92,568,20.04,No,No,,,699,Released 2019
Third-Party,Samyang/Rokinon,Full-Frame,Prime,E,Samyang AF 85mm F1.4 FE II,85,85,f/1.4,72,85,83.4,3.28,99.5,3.92,509,17.96,No,No,,,799,Released 2022
Third-Party,Samyang/Rokinon,Full-Frame,Prime,E,Samyang AF 85mm F1.8 P FE,85,85,f/1.8,62,80,69.8,2.75,71.5,2.81,272,9.60,No,No,,,449,Released 2025
Third-Party,Samyang/Rokinon,Full-Frame,Prime,E,Samyang AF 135mm F1.8 FE,135,135,f/1.8,82,69,93.4,3.68,129.6,5.10,772,27.23,No,No,,,1399,Released 2022
Third-Party,Sigma,Full-Frame,Prime,E,Sigma 14mm F1.4 DG DN | Art,14,14,f/1.4,N/A,30,101.4,3.99,151.9,5.98,1160,40.92,No,No,,,1599,Released 2023
Third-Party,Sigma,Full-Frame,Prime,E,Sigma 14mm F1.8 DG HSM | Art,14,14,f/1.8,N/A,27,95.4,3.76,152,5.98,1170,41.27,No,No,,,1599,Released 2017
Third-Party,Sigma,Full-Frame,Prime,E,Sigma 15mm F1.4 DG DN Diagonal Fisheye | Art,15,15,f/1.4,N/A,38.5,104,4.09,159.9,6.30,1360,47.97,No,No,,,1999,Released 2024; Fisheye
Third-Party,Sigma,Full-Frame,Prime,E,Sigma 17mm F4 DG DN | Contemporary (I series),17,17,f/4,55,12,64,2.52,50.8,2.00,220,7.76,No,No,,,599,Released 2023
Third-Party,Sigma,Full-Frame,Prime,E,Sigma 20mm F1.4 DG DN | Art,20,20,f/1.4,82,23,87.8,3.46,113.2,4.46,630,22.22,No,No,,,899,Released 2022
Third-Party,Sigma,Full-Frame,Prime,E,Sigma 20mm F1.4 DG HSM | Art,20,20,f/1.4,N/A,27.6,90.7,3.57,155.8,6.13,1015,35.80,No,No,,,899,Released 2018
Third-Party,Sigma,Full-Frame,Prime,E,Sigma 20mm F2 DG DN | Contemporary (I series),20,20,f/2,62,22,70,2.76,74.4,2.93,370,13.05,No,No,,,699,Released 2022
Third-Party,Sigma,Full-Frame,Prime,E,Sigma 24mm F1.4 DG DN | Art,24,24,f/1.4,72,25,75.7,2.98,97.5,3.84,510,17.99,No,No,,,799,Released 2022
Third-Party,Sigma,Full-Frame,Prime,E,Sigma 24mm F1.4 DG HSM | Art,24,24,f/1.4,77,25,85.4,3.36,116.2,4.57,740,26.10,No,No,,,799,Released 2018
Third-Party,Sigma,Full-Frame,Prime,E,Sigma 24mm F2 DG DN | Contemporary (I series),24,24,f/2,62,24.5,70,2.76,74,2.91,360,12.70,No,No,,,639,Released 2021
Third-Party,Sigma,Full-Frame,Prime,E,Sigma 24mm F3.5 DG DN | Contemporary (I series),24,24,f/3.5,55,10.8,64,2.52,50.8,2.00,230,8.11,No,No,,,549,Released 2020
Third-Party,Sigma,Full-Frame,Prime,E,Sigma 28mm F1.4 DG HSM | Art,28,28,f/1.4,77,28,82.8,3.26,133.7,5.26,925,32.63,No,No,,,799,Released 2018
Third-Party,Sigma,Full-Frame,Prime,E,Sigma 35mm F1.2 DG DN | Art,35,35,f/1.2,82,30,87.8,3.46,138.2,5.44,1080,38.10,No,No,,,1499,Released 2019
Third-Party,Sigma,Full-Frame,Prime,E,Sigma 35mm F1.4 DG HSM | Art,35,35,f/1.4,67,30,77,3.03,120,4.72,755,26.63,No,No,,,899,Discontinued
Third-Party,Sigma,Full-Frame,Prime,E,Sigma 35mm F1.4 DG DN | Art,35,35,f/1.4,67,30,75.5,2.97,111.5,4.39,640,22.58,No,No,,,899,Released 2021
Third-Party,Sigma,Full-Frame,Prime,E,Sigma 35mm F2 DG DN | Contemporary (I series),35,35,f/2,58,27,70,2.76,67.4,2.65,325,11.46,No,No,,,639,Released 2020
Third-Party,Sigma,Full-Frame,Prime,E,Sigma 40mm F1.4 DG HSM | Art,40,40,f/1.4,82,40,87.8,3.46,157,6.18,1260,44.45,No,No,,,1399,Released 2018
Third-Party,Sigma,Full-Frame,Prime,E,Sigma 45mm F2.8 DG DN | Contemporary (I series),45,45,f/2.8,55,24,64,2.52,48.2,1.90,230,8.11,No,No,,,549,Released 2019
Third-Party,Sigma,Full-Frame,Prime,E,Sigma 50mm F1.2 DG DN | Art,50,50,f/1.2,72,40,81,3.19,110.8,4.36,740,26.10,No,No,,,1399,Released 2024
Third-Party,Sigma,Full-Frame,Prime,E,Sigma 50mm F1.4 DG HSM | Art,50,50,f/1.4,77,40,85.4,3.36,149.5,5.89,815,28.75,No,No,,,949,Released 2018
Third-Party,Sigma,Full-Frame,Prime,E,Sigma 50mm F1.4 DG DN | Art,50,50,f/1.4,72,45,81,3.19,109.8,4.32,670,23.63,No,No,,,849,Released 2023
Third-Party,Sigma,Full-Frame,Prime,E,Sigma 50mm F2 DG DN | Contemporary (I series),50,50,f/2,58,45,70,2.76,68,2.68,350,12.35,No,No,,,639,Released 2023
Third-Party,Sigma,Full-Frame,Prime,E,Sigma 65mm F2 DG DN | Contemporary (I series),65,65,f/2,62,55,72,2.83,74.7,2.94,405,14.29,No,No,,,699,Released 2020
Third-Party,Sigma,Full-Frame,Prime,E,Sigma 85mm F1.4 DG HSM | Art,85,85,f/1.4,86,85,94.7,3.73,126.2,4.97,1130,39.86,No,No,,,1199,Released 2018
Third-Party,Sigma,Full-Frame,Prime,E,Sigma 85mm F1.4 DG DN | Art,85,85,f/1.4,77,85,82.8,3.26,96.1,3.78,630,22.22,No,No,,,1099,Released 2020
Third-Party,Sigma,Full-Frame,Prime,E,Sigma 90mm F2.8 DG DN | Contemporary (I series),90,90,f/2.8,55,50,64,2.52,59.7,2.35,295,10.41,No,No,,,699,Released 2021
Third-Party,Sigma,Full-Frame,Prime,E,Sigma 105mm F2.8 DG DN Macro | Art,105,105,f/2.8,62,29.5,74,2.91,133.9,5.27,710,25.04,No,No,,,799,Released 2020; Macro lens
Third-Party,Sigma,Full-Frame,Prime,E,Sigma 135mm F1.8 DG HSM | Art,135,135,f/1.8,N/A,87.5,91.4,3.60,114.9,4.52,1130,39.86,No,No,,,1399,Released 2017
Third-Party,Sigma,Full-Frame,Zoom,E,Sigma 14-24mm F2.8 DG DN | Art,14,24,f/2.8,N/A,28,85,3.35,133,5.24,1150,40.57,No,No,,,1499,Released 2021
Third-Party,Sigma,Full-Frame,Zoom,E,Sigma 16-28mm F2.8 DG DN | Contemporary,16,28,f/2.8,72,25,77.2,3.04,100.6,3.96,450,15.87,No,No,,,1099,Released 2022
Third-Party,Sigma,Full-Frame,Zoom,E,Sigma 24-35mm F2 DG HSM | Art,24,35,f/2,82,28,87.6,3.45,122.7,4.83,940,33.16,No,No,,,999,Released 2015
Third-Party,Sigma,Full-Frame,Zoom,E,Sigma 24-70mm F2.8 DG DN | Art,24,70,f/2.8,82,18,87.8,3.46,122.9,4.84,830,29.28,No,No,,,1099,Released 2022
Third-Party,Sigma,Full-Frame,Zoom,E,Sigma 24-70mm F2.8 DG OS HSM | Art,24,70,f/2.8,82,37,88,3.46,107.6,4.24,1020,35.98,Yes,No,,,1299,Discontinued
Third-Party,Sigma,Full-Frame,Zoom,E,Sigma 28-45mm F1.8 DG DN | Art,28,45,f/1.8,82,30,87.8,3.46,153.4,6.04,960,33.86,No,No,,,1349,Released 2024
Third-Party,Sigma,Full-Frame,Zoom,E,Sigma 28-70mm F2.8 DG DN | Contemporary,28,70,f/2.8,67,19,72.2,2.84,103.5,4.07,470,16.58,No,No,,,799,Released 2021
Third-Party,Sigma,Full-Frame,Zoom,E,Sigma 60-600mm F4.5-6.3 DG DN OS | Sports,60,600,f/4.5,105,45,105.4,4.15,268.9,10.59,2485,87.69,Yes,No,,,2499,Released 2023
Third-Party,Sigma,Full-Frame,Zoom,E,Sigma 100-400mm F5-6.3 DG DN OS | Contemporary,100,400,f/5,67,112,86,3.39,197.2,7.76,1140,40.21,Yes,No,,,949,Released 2020
Third-Party,Sigma,Full-Frame,Zoom,E,Sigma 150-600mm F5-6.3 DG DN OS | Sports,150,600,f/5,N/A,280,107.2,4.22,263.6,10.38,2100,74.08,Yes,No,,,1499,Released 2021
Third-Party,Tamron,Full-Frame,Prime,E,Tamron 35mm F/2.8 Di III OSD M1:2,35,35,f/2.8,67,15,73,2.87,64,2.52,210,7.41,No,No,,,349,Released 2019; Macro lens
Third-Party,Tamron,Full-Frame,Prime,E,Tamron SP 35mm F/1.4 Di USD,35,35,f/1.4,72,30,80.9,3.19,104.4,4.11,815,28.75,No,No,,,899,Released 2019
Third-Party,Tamron,Full-Frame,Prime,E,Tamron 70-210mm F/4 Di VC USD,70,210,f/4,67,95,76.6,3.02,174,6.85,860,30.34,Yes,No,,,799,Released 2018
Third-Party,Tamron,Full-Frame,Zoom,E,Tamron 17-28mm F/2.8 Di III RXD,17,28,f/2.8,67,19,73,2.87,99,3.90,420,14.82,No,No,,,799,Released 2019
Third-Party,Tamron,Full-Frame,Zoom,E,Tamron 20-40mm F/2.8 Di III VXD,20,40,f/2.8,67,17,74.4,2.93,86.5,3.40,365,12.87,No,No,,,699,Released 2022
Third-Party,Tamron,Full-Frame,Zoom,E,Tamron 28-200mm F/2.8-5.6 Di III RXD,28,200,f/2.8,67,19,74,2.91,117,4.61,575,20.28,No,No,,,729,Released 2020
Third-Party,Tamron,Full-Frame,Zoom,E,Tamron 28-300mm F/4-7.1 Di III VC VXD,28,300,f/4,67,19,78,3.07,126,4.96,610,21.52,Yes,No,,,899,Released 2024
Third-Party,Tamron,Full-Frame,Zoom,E,Tamron 35-150mm F/2-2.8 Di III VXD,35,150,f/2,82,33,89.2,3.51,158,6.22,1165,41.10,No,No,,,1899,Released 2021
Third-Party,Tamron,Full-Frame,Zoom,E,Tamron 50-300mm F/4.5-6.3 Di III VC VXD,50,300,f/4.5,67,22,78,3.07,156,6.14,665,23.46,Yes,No,,,799,Released 2024
Third-Party,Tamron,Full-Frame,Zoom,E,Tamron 50-400mm F/4.5-6.3 Di III VC VXD,50,400,f/4.5,67,25,88.5,3.48,183.4,7.22,1155,40.74,Yes,No,,,1299,Released 2022
Third-Party,Tamron,Full-Frame,Zoom,E,Tamron 70-180mm F/2.8 Di III VXD,70,180,f/2.8,67,85,81,3.19,149,5.87,810,28.57,No,No,,,1199,Released 2020
Third-Party,Tamron,Full-Frame,Zoom,E,Tamron 70-180mm F/2.8 Di III VC VXD G2,70,180,f/2.8,67,85,83,3.27,156.5,6.16,855,30.16,Yes,No,,,1299,Released 2023
Third-Party,Tamron,Full-Frame,Zoom,E,Tamron 70-200mm F/2.8 Di III RXD,70,200,f/2.8,77,95,88.4,3.48,193.3,7.61,1505,53.09,No,No,,,1799,Discontinued
Third-Party,Tamron,Full-Frame,Zoom,E,Tamron 70-300mm F/4.5-6.3 Di III RXD,70,300,f/4.5,67,80,77,3.03,148,5.83,545,19.22,No,No,,,549,Released 2020
Third-Party,Tamron,Full-Frame,Zoom,E,Tamron 150-500mm F/5-6.7 Di III VC VXD,150,500,f/5,82,60,93,3.66,209.6,8.25,1725,60.85,Yes,No,,,1399,Released 2021
Third-Party,Tamron,Full-Frame,Zoom,E,Tamron 300mm F/2.8 Di III VC VXD,300,300,f/2.8,112,270,116,4.57,236,9.29,1470,51.85,Yes,No,,,2999,Released 2024
Third-Party,TTArtisan,Full-Frame,Prime,E,TTArtisan AF 75mm F2,75,75,f/2,62,75,,,82,3.23,340,11.99,No,No,,,199,Released 2024
Third-Party,Viltrox,Full-Frame,Prime,E,Viltrox AF 16mm F1.8 FE,16,16,f/1.8,N/A,27,85.2,3.35,103,4.06,550,19.40,No,No,,,549,Released 2023
Third-Party,Viltrox,Full-Frame,Prime,E,Viltrox AF 20mm F2.8 FE,20,20,f/2.8,52,19,65,2.56,60.5,2.38,157,5.54,No,No,,,158,Released 2024
Third-Party,Viltrox,Full-Frame,Prime,E,Viltrox AF 28mm F1.8 FE,28,28,f/1.8,55,35,70,2.76,101,3.98,367,12.95,No,No,,,379,Released 2023
Third-Party,Viltrox,Full-Frame,Prime,E,Viltrox AF 35mm F1.4 LAB FE,35,35,f/1.4,77,42,92.2,3.63,109.4,4.31,665,23.46,No,No,,,899,Released 2024
Third-Party,Viltrox,Full-Frame,Prime,E,Viltrox AF 35mm F1.8 FE,35,35,f/1.8,55,40,70,2.76,91,3.58,310,10.93,No,No,,,379,Released 2023
Third-Party,Viltrox,Full-Frame,Prime,E,Viltrox AF 50mm F1.4 Air FE,50,50,f/1.4,67,45,74,2.91,93.2,3.67,425,14.99,No,No,,,329,Released 2024
Third-Party,Viltrox,Full-Frame,Prime,E,Viltrox AF 85mm F1.8 Mark II FE,85,85,f/1.8,72,80,80,3.15,92,3.62,545,19.22,No,No,,,448,Released 2023
Third-Party,Viltrox,Full-Frame,Prime,E,Viltrox AF 135mm F1.8 LAB FE,135,135,f/1.8,82,70,93.4,3.68,131,5.16,1050,37.04,No,No,,,1399,Released 2024
Third-Party,Zeiss,Full-Frame,Prime,E,Zeiss Batis 2/25,25,25,f/2,67,20,92,3.62,81,3.19,335,11.82,No,No,,,1299,Released 2015
Third-Party,Zeiss,Full-Frame,Prime,E,Zeiss Batis 2.8/18,18,18,f/2.8,77,25,95,3.74,99,3.90,330,11.64,No,No,,,1499,Released 2016
Third-Party,Zeiss,Full-Frame,Prime,E,Zeiss Batis 2.8/135,135,135,f/2.8,77,87,98,3.86,120,4.72,614,21.66,Yes,No,,,1999,Released 2017
Third-Party,Zeiss,Full-Frame,Prime,E,Zeiss Batis 1.8/85,85,85,f/1.8,67,80,92,3.62,82,3.23,475,16.76,No,No,,,1199,Released 2015
Third-Party,Zeiss,Full-Frame,Prime,E,Zeiss Batis 2.8/40 CF,40,40,f/2.8,67,24,87,3.43,92,3.62,361,12.73,No,No,,,1299,Released 2018; Macro lens
Third-Party,Zeiss,Full-Frame,Prime,E,Zeiss Loxia 2.8/21,21,21,f/2.8,52,25,62.4,2.46,87,3.43,394,13.90,No,No,,,1499,Released 2015
Third-Party,Zeiss,Full-Frame,Prime,E,Zeiss Loxia 2.4/25,25,25,f/2.4,52,30,62.4,2.46,75,2.95,393,13.86,No,No,,,1299,Released 2016
Third-Party,Zeiss,Full-Frame,Prime,E,Zeiss Loxia 2/35,35,35,f/2,52,30,62.4,2.46,89,3.50,280,9.88,No,No,,,1199,Released 2014
Third-Party,Zeiss,Full-Frame,Prime,E,Zeiss Loxia 2/50,50,50,f/2,52,45,62.4,2.46,66,2.60,320,11.29,No,No,,,949,Released 2014
Third-Party,Zeiss,Full-Frame,Prime,E,Zeiss Loxia 2.4/85,85,85,f/2.4,52,80,62.4,2.46,94,3.70,428,15.10,No,No,,,1449,Released 2016
Third-Party,Voigtlander,Full-Frame,Prime,E,Voigtlander 10mm F5.6 Hyper Wide Heliar Asph III,10,10,f/5.6,,,70.1,2.76,68.1,2.68,362,12.77,No,No,,,799,Manual focus
Third-Party,Voigtlander,Full-Frame,Prime,E,Voigtlander 12mm F5.6 Ultra Wide Heliar Asph III,12,12,f/5.6,,,74.6,2.94,58.2,2.29,287,10.12,No,No,,,649,Manual focus
Third-Party,Voigtlander,Full-Frame,Prime,E,Voigtlander 15mm F4.5 Super Wide Heliar Asph III,15,15,f/4.5,,,74.6,2.94,62.3,2.45,247,8.71,No,No,,,649,Manual focus
Third-Party,Voigtlander,Full-Frame,Prime,E,Voigtlander 21mm F3.5 Color-Skopar Asph,21,21,f/3.5,,,74.6,2.94,40.9,1.61,230,8.11,No,No,,,549,Manual focus
Third-Party,Voigtlander,Full-Frame,Prime,E,Voigtlander 35mm F1.7 Ultron,35,35,f/1.7,,,63.3,2.49,55.2,2.17,260,9.17,No,No,,,649,Manual focus
Third-Party,Voigtlander,Full-Frame,Prime,E,Voigtlander 40mm F1.2 Nokton Asph,40,40,f/1.2,,,70.1,2.76,59.3,2.33,315,11.11,No,No,,,799,Manual focus
Third-Party,Voigtlander,Full-Frame,Prime,E,Voigtlander 50mm F1.0 Nokton,50,50,f/1.0,,,79.4,3.13,66.6,2.62,650,22.93,No,No,,,1799,Manual focus
Third-Party,Voigtlander,Full-Frame,Prime,E,Voigtlander 50mm F1.2 Nokton Asph,50,50,f/1.2,,,70.1,2.76,68.2,2.69,352,12.42,No,No,,,999,Manual focus
Third-Party,Voigtlander,Full-Frame,Prime,E,Voigtlander 50mm F2.0 APO-Lanthar Asph,50,50,f/2.0,,,63.3,2.49,51.9,2.04,288,10.16,No,No,,,1049,Manual focus
Third-Party,Voigtlander,Full-Frame,Prime,E,Voigtlander 65mm F2.0 Macro APO-Lanthar,65,65,f/2.0,,,76.8,3.02,91.3,3.60,340,11.99,No,No,,,799,Manual focus; Macro lens
Third-Party,Voigtlander,Full-Frame,Prime,E,Voigtlander 75mm F1.5 Nokton,75,75,f/1.5,,,74.6,2.94,73.1,2.88,525,18.52,No,No,,,899,Manual focus
Third-Party,Voigtlander,Full-Frame,Prime,E,Voigtlander 90mm F2.8 Macro APO-Lanthar,90,90,f/2.8,,,74.6,2.94,74.3,2.93,346,12.21,No,No,,,799,Manual focus; Macro lens
Third-Party,Voigtlander,Full-Frame,Prime,E,Voigtlander 110mm F2.5 Macro APO-Lanthar,110,110,f/2.5,,,78.4,3.09,100.3,3.95,770,27.16,No,No,,,1099,Manual focus; Macro lens
Third-Party,Laowa,Full-Frame,Zoom,E,Laowa 12-24mm F5.6 Zoom Shift,12,24,f/5.6,77,20,100,3.94,91,3.58,575,20.28,No,No,,,649,Released 2021; Manual focus; Shift lens
Third-Party,Tokina,Full-Frame,Zoom,E,Tokina SZX SUPER TELE 400mm F8 Reflex MF,400,400,f/8,77,1.15,74,2.91,77,3.03,330,11.64,No,No,,,249,Manual focus; Reflex lens
